;school;sex;age;address;famsize;Pstatus;Medu;Fedu;Mjob;Fjob;reason;guardian;traveltime;studytime;failures;schoolsup;famsup;paid;activities;nursery;higher;internet;romantic;famrel;freetime;goout;Dalc;Walc;health;absences;pass
1;GP;F;18;U;GT3;A;4;4;at_home;teacher;course;mother;2;2;0;yes;no;no;no;yes;yes;no;no;4;3;4;1;1;3;4;no
2;GP;F;17;U;GT3;T;1;1;at_home;other;course;father;1;2;0;no;yes;no;no;no;yes;yes;no;5;3;3;1;1;3;2;no
3;GP;F;15;U;LE3;T;1;1;at_home;other;other;mother;1;2;0;yes;no;no;no;yes;yes;yes;no;4;3;2;2;3;3;6;yes
4;GP;F;15;U;GT3;T;4;2;health;services;home;mother;1;3;0;no;yes;no;yes;yes;yes;yes;yes;3;2;2;1;1;5;0;yes
5;GP;F;16;U;GT3;T;3;3;other;other;home;father;1;2;0;no;yes;no;no;yes;yes;no;no;4;3;2;1;2;5;0;yes
6;GP;M;16;U;LE3;T;4;3;services;other;reputation;mother;1;2;0;no;yes;no;yes;yes;yes;yes;no;5;4;2;1;2;5;6;yes
7;GP;M;16;U;LE3;T;2;2;other;other;home;mother;1;2;0;no;no;no;no;yes;yes;yes;no;4;4;4;1;1;3;0;yes
8;GP;F;17;U;GT3;A;4;4;other;teacher;home;mother;2;2;0;yes;yes;no;no;yes;yes;no;no;4;1;4;1;1;1;2;yes
9;GP;M;15;U;LE3;A;3;2;services;other;home;mother;1;2;0;no;yes;no;no;yes;yes;yes;no;4;2;2;1;1;1;0;yes
10;GP;M;15;U;GT3;T;3;4;other;other;home;mother;1;2;0;no;yes;no;yes;yes;yes;yes;no;5;5;1;1;1;5;0;yes
11;GP;F;15;U;GT3;T;4;4;teacher;health;reputation;mother;1;2;0;no;yes;no;no;yes;yes;yes;no;3;3;3;1;2;2;2;yes
12;GP;F;15;U;GT3;T;2;1;services;other;reputation;father;3;3;0;no;yes;no;yes;yes;yes;yes;no;5;2;2;1;1;4;0;yes
13;GP;M;15;U;LE3;T;4;4;health;services;course;father;1;1;0;no;yes;no;yes;yes;yes;yes;no;4;3;3;1;3;5;0;yes
14;GP;M;15;U;GT3;T;4;3;teacher;other;course;mother;2;2;0;no;yes;no;no;yes;yes;yes;no;5;4;3;1;2;3;0;yes
15;GP;M;15;U;GT3;A;2;2;other;other;home;other;1;3;0;no;yes;no;no;yes;yes;yes;yes;4;5;2;1;1;3;0;yes
16;GP;F;16;U;GT3;T;4;4;health;other;home;mother;1;1;0;no;yes;no;no;yes;yes;yes;no;4;4;4;1;2;2;6;yes
17;GP;F;16;U;GT3;T;4;4;services;services;reputation;mother;1;3;0;no;yes;no;yes;yes;yes;yes;no;3;2;3;1;2;2;10;yes
18;GP;F;16;U;GT3;T;3;3;other;other;reputation;mother;3;2;0;yes;yes;no;yes;yes;yes;no;no;5;3;2;1;1;4;2;yes
19;GP;M;17;U;GT3;T;3;2;services;services;course;mother;1;1;3;no;yes;yes;yes;yes;yes;yes;no;5;5;5;2;4;5;2;no
20;GP;M;16;U;LE3;T;4;3;health;other;home;father;1;1;0;no;no;no;yes;yes;yes;yes;no;3;1;3;1;3;5;6;yes
21;GP;M;15;U;GT3;T;4;3;teacher;other;reputation;mother;1;2;0;no;no;no;no;yes;yes;yes;no;4;4;1;1;1;1;0;yes
22;GP;M;15;U;GT3;T;4;4;health;health;other;father;1;1;0;no;yes;yes;no;yes;yes;yes;no;5;4;2;1;1;5;0;yes
23;GP;M;16;U;LE3;T;4;2;teacher;other;course;mother;1;2;0;no;no;no;yes;yes;yes;yes;no;4;5;1;1;3;5;0;yes
24;GP;M;16;U;LE3;T;2;2;other;other;reputation;mother;2;2;0;no;yes;no;yes;yes;yes;yes;no;5;4;4;2;4;5;2;no
25;GP;F;15;R;GT3;T;2;4;services;health;course;mother;1;3;0;yes;yes;no;yes;yes;yes;yes;no;4;3;2;1;1;5;2;no
26;GP;F;16;U;GT3;T;2;2;services;services;home;mother;1;1;0;no;yes;no;no;no;yes;yes;no;1;2;2;1;3;5;6;yes
27;GP;M;15;U;GT3;T;2;2;other;other;home;mother;1;1;0;no;yes;no;no;yes;yes;yes;no;4;2;2;1;2;5;8;yes
28;GP;M;15;U;GT3;T;4;2;health;services;other;mother;1;1;0;no;no;no;no;yes;yes;yes;no;2;2;4;2;4;1;0;no
29;GP;M;16;U;LE3;A;3;4;services;other;home;mother;1;2;0;yes;yes;yes;yes;yes;yes;yes;no;5;3;3;1;1;5;2;yes
30;GP;M;16;U;GT3;T;4;4;teacher;teacher;home;mother;1;2;0;no;yes;yes;yes;yes;yes;yes;yes;4;4;5;5;5;5;4;yes
31;GP;M;15;U;GT3;T;4;4;health;services;home;mother;1;2;0;no;yes;yes;no;no;yes;yes;no;5;4;2;3;4;5;0;no
32;GP;M;15;U;GT3;T;4;4;services;services;reputation;mother;2;2;0;no;yes;no;yes;yes;yes;yes;no;4;3;1;1;1;5;2;yes
33;GP;M;15;R;GT3;T;4;3;teacher;at_home;course;mother;1;2;0;no;yes;no;yes;yes;yes;yes;yes;4;5;2;1;1;5;0;yes
34;GP;M;15;U;LE3;T;3;3;other;other;course;mother;1;2;0;no;no;no;yes;no;yes;yes;no;5;3;2;1;1;2;0;yes
35;GP;M;16;U;GT3;T;3;2;other;other;home;mother;1;1;0;no;yes;no;no;no;yes;yes;no;5;4;3;1;1;5;4;yes
36;GP;F;15;U;GT3;T;2;3;other;other;other;father;2;1;0;no;yes;no;yes;yes;yes;no;no;3;5;1;1;1;5;4;no
37;GP;M;15;U;LE3;T;4;3;teacher;services;home;mother;1;3;0;no;yes;no;yes;yes;yes;yes;no;5;4;3;1;1;4;0;yes
38;GP;M;16;R;GT3;A;4;4;other;teacher;reputation;mother;2;3;0;no;yes;no;yes;yes;yes;yes;yes;2;4;3;1;1;5;4;yes
39;GP;F;15;R;GT3;T;3;4;services;health;course;mother;1;3;0;yes;yes;no;yes;yes;yes;yes;no;4;3;2;1;1;5;2;yes
40;GP;F;15;R;GT3;T;2;2;at_home;other;reputation;mother;1;1;0;yes;yes;no;yes;yes;yes;no;no;4;3;1;1;1;2;8;yes
41;GP;F;16;U;LE3;T;2;2;other;other;home;mother;2;2;0;no;yes;no;yes;no;yes;yes;yes;3;3;3;1;2;3;16;no
42;GP;M;15;U;LE3;T;4;4;teacher;other;home;other;1;1;0;no;yes;no;no;no;yes;yes;yes;5;4;3;2;4;5;8;no
43;GP;M;15;U;GT3;T;4;4;services;teacher;course;father;1;2;0;no;yes;no;yes;yes;yes;yes;no;4;3;3;1;1;5;0;yes
44;GP;M;15;U;GT3;T;2;2;services;services;course;father;1;1;0;yes;yes;no;no;yes;yes;yes;no;5;4;1;1;1;1;0;no
45;GP;F;16;U;LE3;T;2;2;other;at_home;course;father;2;2;1;yes;no;no;yes;yes;yes;yes;no;4;3;3;2;2;5;14;no
46;GP;F;15;U;LE3;A;4;3;other;other;course;mother;1;2;0;yes;yes;yes;yes;yes;yes;yes;yes;5;2;2;1;1;5;4;no
47;GP;F;16;U;LE3;A;3;3;other;services;home;mother;1;2;0;no;yes;no;no;yes;yes;yes;no;2;3;5;1;4;3;6;yes
48;GP;M;16;U;GT3;T;4;3;health;services;reputation;mother;1;4;0;no;no;no;yes;yes;yes;yes;no;4;2;2;1;1;2;2;yes
49;GP;M;15;U;GT3;T;4;2;teacher;other;home;mother;1;2;0;no;yes;no;no;yes;yes;no;no;4;3;3;2;2;5;4;yes
50;GP;F;15;U;GT3;T;4;4;services;teacher;other;father;1;2;0;yes;yes;no;yes;no;yes;yes;no;4;4;4;1;1;3;2;yes
51;GP;F;16;U;LE3;T;2;2;services;services;course;mother;3;2;0;no;yes;no;no;yes;yes;yes;no;4;3;3;2;3;4;0;yes
52;GP;F;15;U;LE3;T;4;2;health;other;other;mother;1;2;0;no;yes;no;no;yes;yes;yes;no;4;3;3;1;1;5;0;yes
53;GP;M;15;U;LE3;A;4;2;health;health;other;father;2;1;0;no;no;no;no;yes;yes;no;no;5;5;5;3;4;5;4;no
54;GP;F;15;U;GT3;T;4;4;services;services;course;mother;1;1;0;yes;yes;no;no;yes;yes;yes;no;3;3;4;2;3;5;0;yes
55;GP;F;15;U;LE3;A;3;3;other;other;other;mother;1;1;0;no;no;no;no;yes;yes;yes;no;5;3;4;4;4;1;0;yes
56;GP;F;16;U;GT3;A;2;1;other;other;other;mother;1;2;0;no;no;no;yes;yes;yes;yes;yes;5;3;4;1;1;2;2;yes
57;GP;F;15;U;GT3;A;4;3;services;services;reputation;mother;1;2;0;no;yes;no;yes;yes;yes;yes;no;4;3;2;1;1;1;0;yes
58;GP;M;15;U;GT3;T;4;4;teacher;health;reputation;mother;1;2;0;no;yes;no;yes;yes;yes;no;no;3;2;2;1;1;5;8;yes
59;GP;M;15;U;LE3;T;1;2;other;at_home;home;father;1;2;0;yes;yes;no;yes;yes;yes;yes;no;4;3;2;1;1;5;0;yes
60;GP;F;16;U;GT3;T;4;2;services;other;course;mother;1;2;0;no;yes;yes;no;yes;yes;yes;no;4;2;3;1;1;5;2;yes
61;GP;F;16;R;GT3;T;4;4;health;teacher;other;mother;1;2;0;no;yes;no;yes;yes;yes;no;no;2;4;4;2;3;4;0;yes
62;GP;F;16;U;GT3;T;1;1;services;services;course;father;4;1;0;yes;yes;no;yes;no;yes;yes;yes;5;5;5;5;5;5;0;yes
63;GP;F;16;U;LE3;T;1;2;other;services;reputation;father;1;2;0;yes;no;no;yes;yes;yes;yes;no;4;4;3;1;1;1;0;no
64;GP;F;16;U;GT3;T;4;3;teacher;health;home;mother;1;3;0;yes;yes;no;yes;yes;yes;yes;no;3;4;4;2;4;4;0;yes
65;GP;F;15;U;LE3;T;4;3;services;services;reputation;father;1;2;0;yes;no;no;yes;yes;yes;yes;yes;4;4;4;2;4;2;0;yes
66;GP;F;16;U;LE3;T;4;3;teacher;services;course;mother;3;2;0;no;yes;no;yes;yes;yes;yes;no;5;4;3;1;2;1;2;yes
67;GP;M;15;U;GT3;A;4;4;other;services;reputation;mother;1;4;0;no;yes;no;yes;no;yes;yes;yes;1;3;3;5;5;3;0;yes
68;GP;F;16;U;GT3;T;3;1;services;other;course;mother;1;4;0;yes;yes;no;no;yes;yes;yes;no;4;3;3;1;2;5;0;no
69;GP;F;15;R;LE3;T;2;2;health;services;reputation;mother;2;2;0;yes;yes;no;no;yes;yes;yes;no;4;1;3;1;3;4;0;no
70;GP;F;15;R;LE3;T;3;1;other;other;reputation;father;2;4;0;no;yes;no;no;no;yes;yes;no;4;4;2;2;3;3;6;yes
71;GP;M;16;U;GT3;T;3;1;other;other;reputation;father;2;4;0;no;yes;no;no;yes;yes;yes;no;4;3;2;1;1;5;2;no
72;GP;M;15;U;GT3;T;4;2;other;other;course;mother;1;4;0;no;no;no;no;yes;yes;yes;no;3;3;3;1;1;3;0;no
73;GP;F;15;R;GT3;T;1;1;other;other;reputation;mother;1;2;0;yes;yes;no;no;no;yes;yes;yes;3;3;4;2;4;5;2;no
74;GP;M;16;U;GT3;T;3;1;other;other;reputation;mother;1;1;0;no;no;no;yes;yes;yes;no;no;5;3;2;2;2;5;0;yes
75;GP;F;16;U;GT3;T;3;3;other;services;home;mother;1;2;0;yes;yes;no;yes;yes;yes;yes;no;4;3;3;2;4;5;4;no
76;GP;M;15;U;GT3;T;4;3;teacher;other;home;mother;1;2;0;no;yes;no;yes;yes;yes;yes;no;4;3;3;2;3;5;0;no
77;GP;M;15;U;GT3;T;4;0;teacher;other;course;mother;2;4;0;no;no;no;yes;yes;yes;yes;no;3;4;3;1;1;1;0;no
78;GP;F;16;U;GT3;T;2;2;other;other;reputation;mother;1;4;0;no;no;no;no;yes;yes;yes;yes;5;2;3;1;3;3;1;yes
79;GP;M;17;U;GT3;T;2;1;other;other;home;mother;2;1;3;yes;yes;no;yes;yes;no;yes;no;4;5;1;1;1;3;0;no
80;GP;F;16;U;GT3;T;3;4;at_home;other;course;mother;1;2;0;no;yes;no;no;yes;yes;yes;no;2;4;3;1;2;3;14;no
81;GP;M;15;U;GT3;T;2;3;other;services;course;father;1;1;0;yes;yes;no;yes;no;yes;yes;yes;3;2;2;1;3;3;0;yes
82;GP;M;15;U;GT3;T;2;3;other;other;home;mother;1;3;0;yes;no;no;no;no;yes;yes;no;5;3;2;1;2;5;2;no
83;GP;F;15;U;LE3;T;3;2;services;other;reputation;mother;1;2;0;no;yes;no;no;yes;yes;yes;no;4;4;4;1;1;5;4;no
84;GP;M;15;U;LE3;T;2;2;services;services;home;mother;2;2;0;no;no;yes;yes;yes;yes;yes;no;5;3;3;1;3;4;2;yes
85;GP;F;15;U;GT3;T;1;1;other;other;home;father;1;2;0;no;yes;no;yes;no;yes;yes;no;4;3;2;2;3;4;2;yes
86;GP;F;15;U;GT3;T;4;4;services;services;reputation;father;2;2;0;no;no;no;no;yes;yes;yes;yes;4;4;4;2;3;5;4;yes
87;GP;F;16;U;LE3;T;2;2;at_home;other;course;mother;1;2;0;no;yes;no;no;yes;yes;no;no;4;3;4;1;2;2;6;no
88;GP;F;15;U;GT3;T;4;2;other;other;reputation;mother;1;3;0;no;yes;no;yes;yes;yes;yes;no;5;3;3;1;3;1;4;yes
89;GP;M;16;U;GT3;T;2;2;services;other;reputation;father;2;2;0;no;no;no;yes;no;yes;yes;no;4;4;2;1;1;3;6;no
90;GP;M;16;U;LE3;A;4;4;teacher;health;reputation;mother;1;2;0;no;yes;no;no;yes;yes;no;no;4;1;3;3;5;5;6;no
91;GP;F;16;U;GT3;T;3;3;other;other;home;mother;1;3;0;no;yes;no;no;yes;yes;yes;yes;4;3;3;1;3;4;2;no
92;GP;F;15;U;GT3;T;4;3;services;other;reputation;mother;1;1;0;no;no;no;yes;yes;yes;yes;no;4;5;5;1;3;1;6;yes
93;GP;F;16;U;LE3;T;3;1;other;other;home;father;1;2;0;yes;yes;no;no;yes;yes;no;no;3;3;3;2;3;2;0;yes
94;GP;F;16;U;GT3;T;4;2;teacher;services;home;mother;2;2;0;no;yes;no;yes;yes;yes;yes;no;5;3;3;1;1;1;2;yes
95;GP;M;15;U;LE3;T;2;2;services;health;reputation;mother;1;4;0;no;yes;no;yes;yes;yes;yes;no;4;3;4;1;1;4;2;yes
96;GP;F;15;R;GT3;T;1;1;at_home;other;home;mother;2;4;0;yes;yes;yes;yes;yes;yes;yes;no;3;1;2;1;1;1;4;yes
97;GP;M;16;R;GT3;T;4;3;services;other;reputation;mother;2;1;0;yes;yes;yes;yes;no;yes;yes;no;3;3;3;1;1;4;6;no
98;GP;F;16;U;GT3;T;2;1;other;other;course;mother;1;2;0;no;yes;no;no;yes;yes;no;yes;4;3;5;1;1;5;0;yes
99;GP;F;16;U;GT3;T;4;4;other;other;reputation;mother;1;1;0;no;no;no;yes;no;yes;yes;no;5;3;4;1;2;1;4;yes
100;GP;F;16;U;GT3;T;4;3;other;at_home;course;mother;1;3;0;yes;yes;no;no;yes;yes;yes;no;5;3;5;1;1;3;2;yes
101;GP;M;16;U;GT3;T;4;4;services;services;other;mother;1;1;0;yes;yes;no;yes;yes;yes;yes;no;4;5;5;5;5;4;12;no
102;GP;M;16;U;GT3;T;4;4;services;teacher;other;father;1;3;0;no;yes;no;yes;yes;yes;yes;yes;4;4;3;1;1;4;0;yes
103;GP;M;15;U;GT3;T;4;4;services;other;course;mother;1;1;0;no;yes;yes;yes;no;yes;yes;no;5;3;3;1;1;5;2;yes
104;GP;F;15;U;GT3;T;3;2;services;other;home;mother;2;2;0;yes;yes;no;no;yes;yes;yes;no;4;3;5;1;1;2;16;no
105;GP;M;15;U;GT3;A;3;4;services;other;course;mother;1;2;0;no;yes;no;yes;yes;yes;yes;no;5;4;4;1;1;1;0;yes
106;GP;F;15;U;GT3;A;3;3;other;health;reputation;father;1;4;0;yes;no;no;no;yes;yes;no;no;4;3;3;1;1;4;10;no
107;GP;F;15;U;GT3;T;2;2;other;other;course;mother;1;4;0;yes;yes;no;no;yes;yes;yes;no;5;1;2;1;1;3;4;no
108;GP;M;16;U;GT3;T;3;3;services;other;home;father;1;3;0;no;yes;no;yes;yes;yes;yes;no;5;3;3;1;1;5;4;yes
109;GP;M;15;R;GT3;T;4;4;other;other;home;father;4;4;0;no;yes;no;yes;yes;yes;yes;yes;1;3;5;3;5;1;8;no
110;GP;F;16;U;LE3;T;4;4;health;health;other;mother;1;3;0;no;yes;no;yes;yes;yes;yes;yes;5;4;5;1;1;4;2;yes
111;GP;M;15;U;LE3;A;4;4;teacher;teacher;course;mother;1;1;0;no;no;no;yes;yes;yes;yes;no;5;5;3;1;1;4;4;yes
112;GP;F;16;R;GT3;T;3;3;services;other;reputation;father;1;3;0;yes;yes;no;yes;yes;yes;yes;no;4;1;2;1;1;2;4;no
113;GP;F;16;U;GT3;T;2;2;at_home;other;home;mother;1;2;1;yes;no;no;yes;yes;yes;yes;no;3;1;2;1;1;5;12;no
114;GP;M;15;U;LE3;T;4;2;teacher;other;course;mother;1;1;0;no;no;no;no;yes;yes;yes;no;3;5;2;1;1;3;10;yes
115;GP;M;15;R;GT3;T;2;1;health;services;reputation;mother;1;2;0;no;no;no;yes;yes;yes;yes;yes;5;4;2;1;1;5;4;no
116;GP;M;16;U;GT3;T;4;4;teacher;teacher;course;father;1;2;0;no;yes;no;yes;yes;yes;yes;no;5;4;4;1;2;5;6;yes
117;GP;M;15;U;GT3;T;4;4;other;teacher;reputation;father;2;2;0;no;yes;no;yes;yes;yes;no;no;4;4;3;1;1;2;4;yes
118;GP;M;16;U;GT3;T;3;3;other;services;home;father;2;1;0;no;no;no;yes;yes;yes;yes;no;5;4;2;1;1;5;6;yes
119;GP;M;17;R;GT3;T;1;3;other;other;course;father;3;2;1;no;yes;no;yes;yes;yes;yes;no;5;2;4;1;4;5;14;no
120;GP;M;15;U;GT3;T;3;4;other;other;reputation;father;1;1;0;no;no;no;no;yes;yes;yes;no;3;4;3;1;2;4;2;yes
121;GP;F;15;U;GT3;T;1;2;at_home;services;course;mother;1;2;0;no;no;no;no;no;yes;yes;no;3;2;3;1;2;1;0;yes
122;GP;M;15;U;GT3;T;2;2;services;services;home;father;1;4;0;no;yes;no;yes;yes;yes;yes;no;5;5;4;1;2;5;6;yes
123;GP;F;16;U;LE3;T;2;4;other;health;course;father;2;2;0;no;yes;no;yes;yes;yes;yes;yes;4;2;2;1;2;5;2;yes
124;GP;M;16;U;GT3;T;4;4;health;other;course;mother;1;1;0;no;yes;no;yes;yes;yes;yes;no;3;4;4;1;4;5;4;yes
125;GP;F;16;U;GT3;T;2;2;other;other;home;mother;1;2;0;no;no;no;no;yes;yes;yes;yes;5;4;4;1;1;5;0;no
126;GP;M;15;U;GT3;T;3;4;services;services;home;father;1;1;0;yes;no;no;no;yes;yes;yes;no;5;5;5;3;2;5;2;no
127;GP;F;15;U;LE3;A;3;4;other;other;home;mother;1;2;0;yes;no;no;yes;yes;yes;yes;yes;5;3;2;1;1;1;0;no
128;GP;F;19;U;GT3;T;0;1;at_home;other;course;other;1;2;2;no;yes;no;no;no;no;no;no;3;4;2;1;1;5;0;no
129;GP;M;16;R;GT3;T;4;4;teacher;teacher;course;mother;1;1;0;no;no;no;yes;yes;yes;yes;no;3;5;5;2;5;4;8;yes
130;GP;M;16;U;GT3;T;2;3;other;other;course;mother;2;3;0;no;yes;no;no;no;yes;yes;yes;3;2;3;2;2;1;4;yes
131;GP;F;15;R;GT3;T;3;4;services;teacher;course;father;2;3;0;no;yes;no;no;yes;yes;yes;yes;4;2;2;2;2;5;0;yes
132;GP;F;18;U;GT3;T;2;1;services;other;reputation;mother;1;2;3;no;yes;no;yes;yes;no;yes;yes;5;4;5;1;3;5;10;no
133;GP;F;17;U;LE3;A;2;1;other;other;course;mother;3;1;0;no;yes;no;no;yes;yes;yes;no;3;2;2;1;2;5;8;no
134;GP;F;15;U;GT3;T;1;1;at_home;other;course;mother;3;1;0;no;yes;no;yes;no;yes;yes;yes;4;3;3;1;2;4;6;yes
135;GP;F;17;U;LE3;T;2;2;other;other;course;father;1;1;0;no;yes;no;no;yes;yes;yes;yes;3;4;4;1;3;5;2;yes
136;GP;F;16;U;GT3;A;3;4;services;other;course;father;1;1;0;no;no;no;no;yes;yes;yes;no;3;2;1;1;4;5;12;yes
137;GP;M;16;U;GT3;T;2;1;at_home;other;course;mother;4;1;0;no;no;no;no;yes;yes;no;no;3;2;1;1;1;2;4;no
138;GP;F;16;U;GT3;A;2;2;other;other;home;mother;1;1;1;no;no;no;no;yes;yes;no;no;5;3;4;1;1;5;12;no
139;GP;M;15;R;GT3;T;3;4;at_home;teacher;course;mother;4;2;0;no;yes;no;no;yes;yes;no;yes;5;3;3;1;1;5;2;no
140;GP;F;15;U;GT3;T;4;4;services;at_home;course;mother;1;3;0;no;yes;no;yes;yes;yes;yes;yes;4;3;3;1;1;5;4;yes
141;GP;M;17;R;GT3;T;3;4;at_home;other;course;mother;3;2;0;no;no;no;no;yes;yes;no;no;5;4;5;2;4;5;2;no
142;GP;F;16;R;GT3;T;1;1;at_home;other;course;mother;4;2;0;no;yes;no;no;yes;yes;no;no;5;1;3;1;1;3;0;yes
143;GP;M;18;U;LE3;T;3;1;services;services;course;mother;2;1;0;no;no;no;yes;yes;yes;yes;yes;3;3;4;4;5;4;2;yes
144;GP;F;18;U;GT3;A;3;2;other;services;course;other;1;3;0;no;yes;no;yes;no;yes;yes;yes;4;3;3;5;1;5;10;no
145;GP;F;16;R;GT3;T;1;1;other;services;reputation;mother;2;1;0;no;yes;no;yes;yes;yes;no;yes;3;3;3;1;2;1;8;no
146;GP;F;16;U;GT3;A;3;3;other;other;course;other;2;1;0;no;yes;no;yes;no;yes;yes;yes;4;3;2;1;1;5;4;no
147;GP;M;16;U;LE3;T;1;1;services;other;course;mother;1;2;2;no;no;no;no;yes;yes;no;yes;4;4;4;1;3;5;0;no
148;GP;F;15;U;GT3;T;4;4;teacher;teacher;course;mother;2;1;0;no;no;no;yes;yes;yes;yes;no;4;3;2;1;1;5;6;yes
149;GP;F;15;R;GT3;T;1;1;other;other;course;mother;3;1;1;no;no;no;yes;yes;yes;yes;yes;5;5;5;1;1;1;2;no
150;GP;M;15;U;GT3;T;4;3;teacher;services;course;father;2;4;0;yes;yes;no;no;yes;yes;yes;no;2;2;2;1;1;3;6;no
151;GP;F;15;U;GT3;A;3;3;services;services;home;mother;1;2;0;no;no;no;no;no;yes;no;yes;1;3;2;2;3;1;24;no
152;GP;M;16;U;GT3;T;4;4;services;services;course;mother;1;3;0;no;yes;no;yes;yes;yes;yes;no;5;3;3;1;3;5;0;yes
153;GP;M;16;U;LE3;T;2;2;services;services;reputation;father;2;1;0;no;yes;no;yes;yes;yes;yes;no;2;3;3;2;2;2;4;no
154;GP;F;15;U;GT3;T;4;4;teacher;services;course;mother;1;3;0;no;yes;no;yes;yes;yes;yes;no;4;2;2;1;1;5;2;yes
155;GP;F;16;U;LE3;T;1;1;at_home;at_home;course;mother;1;1;0;no;no;no;no;yes;yes;yes;no;3;4;4;3;3;1;4;no
156;GP;M;17;U;GT3;T;2;1;other;other;home;mother;1;1;0;no;yes;no;no;yes;yes;yes;no;5;4;5;1;2;5;22;no
157;GP;F;15;U;GT3;T;1;1;other;services;course;father;1;2;0;no;yes;no;no;yes;yes;yes;no;4;4;2;1;2;5;0;yes
158;GP;F;15;U;LE3;A;2;1;at_home;other;home;mother;2;1;0;no;yes;no;yes;yes;no;yes;yes;4;4;2;1;1;5;0;no
159;GP;F;15;U;GT3;T;3;2;health;services;home;father;1;2;1;no;yes;no;no;yes;yes;yes;no;3;3;2;1;1;3;2;no
160;GP;F;15;U;GT3;T;1;2;at_home;other;course;mother;1;2;0;no;yes;no;no;no;yes;yes;no;4;3;2;1;1;5;6;yes
161;GP;F;15;U;GT3;T;1;2;at_home;services;course;father;1;2;0;no;no;no;no;no;yes;no;yes;2;3;4;2;4;1;6;no
162;GP;M;16;U;GT3;T;4;4;teacher;teacher;course;mother;1;1;0;no;yes;no;no;yes;no;yes;yes;3;3;2;2;1;5;16;no
163;GP;M;15;U;LE3;A;2;1;services;other;course;mother;4;1;0;no;no;no;no;yes;yes;yes;no;4;5;5;2;5;5;0;no
164;GP;M;18;U;LE3;T;1;1;other;other;course;mother;1;1;2;no;no;no;no;yes;no;yes;yes;2;3;5;2;5;4;0;no
165;GP;M;16;U;LE3;T;2;1;at_home;other;course;mother;1;1;1;no;no;no;yes;yes;yes;no;yes;4;4;4;3;5;5;6;no
166;GP;F;15;R;GT3;T;3;3;services;services;reputation;other;2;3;0;no;yes;yes;yes;yes;yes;yes;yes;4;2;1;2;3;3;2;yes
167;GP;M;19;U;GT3;T;3;2;services;at_home;home;mother;1;1;0;no;yes;no;no;yes;no;yes;yes;4;5;4;1;1;4;6;no
168;GP;F;17;U;GT3;T;4;4;other;teacher;course;mother;1;1;0;yes;yes;no;no;yes;yes;no;yes;4;2;1;1;1;4;0;yes
169;GP;M;15;R;GT3;T;2;3;at_home;services;course;mother;1;2;0;yes;no;yes;yes;yes;yes;no;no;4;4;4;1;1;1;0;no
170;GP;M;17;R;LE3;T;1;2;other;other;reputation;mother;1;1;3;no;no;no;no;yes;yes;no;no;2;2;2;3;3;5;14;no
171;GP;F;18;R;GT3;T;1;1;at_home;other;course;mother;3;1;3;no;yes;no;yes;no;yes;no;no;5;2;5;1;5;4;6;no
172;GP;M;16;R;GT3;T;2;2;at_home;other;course;mother;3;1;0;no;no;no;no;no;yes;no;no;4;2;2;1;2;3;4;no
173;GP;M;16;U;GT3;T;3;3;other;services;course;father;1;2;1;no;yes;no;no;yes;yes;yes;yes;4;5;5;4;4;5;0;no
174;GP;M;16;U;LE3;T;1;2;health;services;course;mother;2;1;2;no;no;no;no;no;yes;yes;no;4;4;5;3;5;5;0;no
175;GP;M;17;R;LE3;T;2;1;at_home;other;course;mother;2;1;1;no;no;yes;yes;yes;no;yes;yes;3;3;2;2;2;5;8;no
176;GP;M;17;R;GT3;T;3;2;other;other;course;mother;2;2;2;yes;yes;no;no;yes;yes;yes;yes;4;4;4;1;4;3;4;no
177;GP;M;15;U;LE3;T;1;2;other;other;course;mother;2;1;0;no;no;no;yes;yes;yes;no;no;4;4;4;2;4;5;2;no
178;GP;M;16;U;GT3;T;1;3;at_home;services;course;father;1;1;1;no;no;no;no;yes;no;yes;no;5;3;3;1;4;2;2;no
179;GP;M;17;R;LE3;T;1;1;other;services;course;mother;4;2;0;no;no;no;yes;yes;no;no;yes;5;3;5;1;5;5;0;no
180;GP;M;17;U;GT3;T;3;2;services;services;course;mother;2;1;3;no;yes;no;yes;no;no;no;no;4;5;2;1;1;2;10;no
181;GP;M;16;U;GT3;T;2;2;other;other;course;father;1;2;0;no;no;no;no;yes;no;yes;no;4;3;5;2;4;4;0;no
182;GP;F;16;U;GT3;T;4;2;health;services;home;father;1;2;0;no;no;no;no;yes;yes;yes;yes;4;2;3;1;1;3;0;yes
183;GP;F;16;U;GT3;T;2;2;other;other;home;mother;1;2;0;no;yes;no;no;no;yes;yes;no;5;1;5;1;1;4;0;yes
184;GP;F;16;U;GT3;T;4;4;health;health;reputation;mother;1;2;0;no;yes;no;no;yes;yes;yes;yes;4;4;2;1;1;3;0;yes
185;GP;M;16;U;GT3;T;3;4;other;other;course;father;3;1;1;no;yes;no;yes;no;yes;yes;no;3;4;5;2;4;2;4;no
186;GP;M;16;U;GT3;T;1;0;other;other;reputation;mother;2;2;0;no;yes;no;yes;yes;yes;yes;yes;4;3;2;1;1;3;0;yes
187;GP;M;17;U;LE3;T;4;4;teacher;other;reputation;mother;1;2;0;no;yes;no;yes;yes;yes;yes;no;4;4;4;1;3;5;0;no
188;GP;F;16;U;GT3;T;1;3;at_home;services;home;mother;1;2;0;no;no;no;yes;no;yes;yes;yes;4;3;5;1;1;3;0;yes
189;GP;F;16;U;LE3;T;3;3;other;other;reputation;mother;2;2;0;no;yes;no;yes;yes;yes;yes;no;4;4;5;1;1;4;0;yes
190;GP;M;17;U;LE3;T;4;3;teacher;other;course;mother;2;2;0;no;no;no;yes;yes;yes;yes;no;4;4;4;4;4;4;0;no
191;GP;F;16;U;GT3;T;2;2;services;other;reputation;mother;2;2;0;no;no;no;yes;no;yes;yes;no;3;4;4;1;4;5;0;yes
192;GP;M;17;U;GT3;T;3;3;other;other;reputation;father;1;2;0;no;no;no;yes;no;yes;yes;no;4;3;4;1;4;4;4;no
193;GP;M;16;R;GT3;T;4;2;teacher;services;other;mother;1;1;0;no;yes;no;yes;yes;yes;yes;yes;4;3;3;3;4;3;8;no
194;GP;M;17;U;GT3;T;4;3;other;other;course;mother;1;2;0;no;yes;yes;yes;yes;yes;yes;yes;5;2;3;1;1;2;4;yes
195;GP;M;16;U;GT3;T;4;3;teacher;other;home;mother;1;2;0;no;yes;yes;yes;yes;yes;yes;no;3;4;3;2;3;3;4;no
196;GP;M;16;U;GT3;T;3;3;services;other;home;mother;1;2;0;no;no;no;yes;yes;yes;yes;yes;4;2;3;1;2;3;0;yes
197;GP;F;17;U;GT3;T;2;4;services;services;reputation;father;1;2;0;no;yes;no;yes;yes;yes;no;no;5;4;2;2;3;5;0;yes
198;GP;F;17;U;LE3;T;3;3;other;other;reputation;mother;1;2;0;no;yes;no;yes;yes;yes;yes;yes;5;3;3;2;3;1;32;yes
199;GP;F;16;U;GT3;T;3;2;other;other;reputation;mother;1;2;0;no;yes;no;no;yes;yes;yes;no;1;2;2;1;2;1;8;yes
200;GP;M;17;U;GT3;T;3;3;services;services;other;mother;1;2;0;no;yes;no;yes;yes;yes;yes;yes;4;3;4;2;3;4;6;yes
201;GP;M;16;U;GT3;T;1;2;services;services;other;mother;1;1;0;no;yes;no;yes;yes;yes;yes;yes;3;3;3;1;2;3;0;no
202;GP;M;16;U;LE3;T;2;1;other;other;course;mother;1;2;0;no;no;no;yes;yes;yes;yes;yes;4;2;3;1;2;5;0;yes
203;GP;F;17;U;GT3;A;3;3;health;other;reputation;mother;1;2;0;no;yes;no;no;no;yes;yes;yes;3;3;3;1;3;3;10;yes
204;GP;M;17;R;GT3;T;1;2;at_home;other;home;mother;1;2;0;no;no;no;no;yes;yes;no;no;3;1;3;1;5;3;6;no
205;GP;F;16;U;GT3;T;2;3;services;services;course;mother;1;2;0;no;no;no;no;yes;yes;yes;no;4;3;3;1;1;2;6;yes
206;GP;F;17;U;GT3;T;1;1;at_home;services;course;mother;1;2;0;no;no;no;yes;yes;yes;yes;no;5;3;3;1;1;3;0;yes
207;GP;M;17;U;GT3;T;1;2;at_home;services;other;other;2;2;0;no;no;no;yes;no;yes;yes;no;4;4;4;4;5;5;16;yes
208;GP;M;16;R;GT3;T;3;3;services;services;reputation;mother;1;1;0;no;yes;no;yes;yes;yes;yes;no;4;3;2;3;4;5;0;no
209;GP;M;16;U;GT3;T;2;3;other;other;home;father;2;1;0;no;no;no;no;yes;yes;yes;no;5;3;3;1;1;3;0;yes
210;GP;F;17;U;LE3;T;2;4;services;services;course;father;1;2;0;no;no;no;yes;yes;yes;yes;yes;4;3;2;1;1;5;8;yes
211;GP;M;17;U;GT3;T;4;4;services;teacher;home;mother;1;1;0;no;no;no;no;yes;yes;yes;no;5;2;3;1;2;5;4;yes
212;GP;M;16;R;LE3;T;3;3;teacher;other;home;father;3;1;0;no;yes;no;yes;yes;yes;yes;no;3;3;4;3;5;3;16;yes
213;GP;F;17;U;GT3;T;4;4;services;teacher;home;mother;2;1;1;no;yes;no;no;yes;yes;yes;no;4;2;4;2;3;2;30;yes
214;GP;F;16;U;LE3;T;4;4;teacher;teacher;reputation;mother;1;2;0;no;yes;no;no;yes;yes;yes;no;4;5;2;1;2;3;0;no
215;GP;F;16;U;GT3;T;4;3;health;other;home;mother;1;2;0;no;yes;no;yes;yes;yes;yes;no;4;3;5;1;5;2;2;yes
216;GP;F;16;U;GT3;T;2;3;other;other;reputation;mother;1;2;0;yes;yes;no;yes;yes;yes;no;no;4;4;3;1;3;4;4;yes
217;GP;F;17;U;GT3;T;1;1;other;other;course;mother;1;2;0;no;yes;no;no;no;yes;no;no;4;4;4;1;3;1;0;yes
218;GP;F;17;R;GT3;T;2;2;other;other;reputation;mother;1;1;0;no;yes;no;no;yes;yes;yes;no;5;3;2;1;2;3;21;yes
219;GP;F;16;R;GT3;T;2;2;services;services;reputation;mother;2;4;0;no;yes;no;yes;no;yes;yes;no;5;3;5;1;1;5;6;yes
220;GP;F;17;U;GT3;T;3;4;at_home;services;home;mother;1;3;1;no;yes;yes;no;yes;yes;yes;yes;4;4;3;3;4;5;14;no
221;GP;F;16;U;GT3;A;3;1;services;other;course;mother;1;2;0;no;yes;no;no;yes;yes;yes;no;2;3;3;2;2;4;2;yes
222;GP;F;16;U;GT3;T;4;3;teacher;other;other;mother;1;2;0;no;no;no;yes;yes;yes;yes;yes;1;3;2;1;1;1;4;yes
223;GP;F;16;U;GT3;T;1;1;at_home;other;home;mother;2;1;0;no;yes;no;no;yes;yes;no;no;4;3;2;1;4;5;2;yes
224;GP;F;17;R;GT3;T;4;3;teacher;other;reputation;mother;2;3;0;no;yes;no;yes;yes;yes;yes;yes;4;4;2;1;1;4;0;yes
225;GP;F;19;U;GT3;T;3;3;other;other;reputation;other;1;4;0;no;yes;no;yes;yes;yes;yes;no;4;3;3;1;2;3;4;yes
226;GP;M;17;U;LE3;T;4;4;services;other;home;mother;1;2;0;no;yes;no;no;yes;yes;yes;yes;5;3;5;4;5;3;15;yes
227;GP;F;16;U;GT3;A;2;2;other;other;reputation;mother;1;2;0;yes;yes;no;no;yes;yes;yes;no;3;3;4;1;1;4;0;yes
228;GP;M;18;U;GT3;T;2;2;services;other;home;mother;1;2;0;no;yes;no;yes;yes;yes;yes;no;4;4;4;2;4;5;10;no
229;GP;F;17;R;LE3;T;4;4;services;other;other;mother;1;1;0;no;yes;no;no;yes;yes;no;no;5;2;1;1;2;3;6;no
230;GP;F;17;U;LE3;T;3;2;other;other;reputation;mother;2;2;0;no;no;no;no;yes;yes;yes;no;4;4;4;1;3;1;2;yes
231;GP;F;17;U;GT3;T;4;3;other;other;reputation;mother;1;2;0;no;no;no;no;yes;yes;yes;yes;3;4;5;2;4;1;16;no
232;GP;M;18;U;LE3;T;3;3;services;health;home;father;1;2;0;no;yes;no;no;yes;yes;yes;no;3;2;4;2;4;4;10;no
233;GP;F;17;U;GT3;T;2;3;at_home;other;home;father;2;1;0;no;yes;no;no;yes;yes;no;no;3;3;3;1;4;3;4;yes
234;GP;F;17;U;GT3;T;2;2;at_home;at_home;course;mother;1;3;0;no;yes;no;yes;yes;yes;yes;no;4;3;3;1;1;4;0;yes
235;GP;F;17;R;GT3;T;2;1;at_home;services;reputation;mother;2;2;0;no;yes;no;yes;yes;yes;yes;no;4;2;5;1;2;5;0;no
236;GP;F;17;U;GT3;T;1;1;at_home;other;reputation;mother;1;3;0;no;yes;no;yes;yes;yes;no;yes;4;3;4;1;1;5;12;yes
237;GP;F;16;U;GT3;T;2;3;services;teacher;other;mother;1;2;0;yes;no;no;no;yes;yes;yes;no;2;3;1;1;1;3;0;yes
238;GP;M;18;U;GT3;T;2;2;other;other;home;mother;2;2;3;no;yes;yes;no;yes;yes;yes;no;3;3;3;5;5;4;9;no
239;GP;F;16;U;GT3;T;4;4;teacher;services;home;mother;1;3;0;no;yes;no;yes;no;yes;yes;no;5;3;2;1;1;5;4;yes
240;GP;F;18;R;GT3;T;3;1;other;other;reputation;mother;1;2;0;no;no;no;yes;yes;yes;yes;yes;5;3;3;1;1;4;4;no
241;GP;F;17;U;GT3;T;3;2;other;other;course;mother;1;2;0;no;no;no;yes;no;yes;yes;no;5;3;4;1;3;3;2;yes
242;GP;M;17;U;LE3;T;2;3;services;services;reputation;father;1;2;0;no;yes;no;no;no;yes;yes;no;5;3;3;1;3;3;0;no
243;GP;M;18;U;LE3;T;2;1;at_home;other;course;mother;4;2;0;yes;yes;no;yes;yes;yes;yes;yes;4;3;2;4;5;3;2;no
244;GP;F;17;U;GT3;A;2;1;other;other;course;mother;2;3;0;no;no;no;yes;yes;yes;yes;yes;3;2;3;1;2;3;0;yes
245;GP;F;17;U;LE3;T;4;3;health;other;reputation;father;1;2;0;no;no;no;yes;yes;yes;yes;yes;3;2;3;1;2;3;0;yes
246;GP;M;17;R;GT3;T;2;2;other;other;course;father;2;2;0;no;yes;no;yes;yes;yes;yes;no;4;5;2;1;1;1;0;yes
247;GP;M;17;U;GT3;T;4;4;teacher;teacher;reputation;mother;1;2;0;yes;yes;no;yes;yes;yes;yes;yes;4;5;5;1;3;2;0;yes
248;GP;M;16;U;GT3;T;4;4;health;other;reputation;father;1;2;0;no;yes;no;yes;yes;yes;yes;no;4;2;4;2;4;1;0;yes
249;GP;M;16;U;LE3;T;1;1;other;other;home;mother;2;2;0;no;yes;no;no;yes;yes;yes;no;3;4;2;1;1;5;2;no
250;GP;M;16;U;GT3;T;3;2;at_home;other;reputation;mother;2;3;0;no;no;no;yes;yes;yes;yes;yes;5;3;3;1;3;2;0;yes
251;GP;M;17;U;LE3;T;2;2;other;other;home;father;1;2;0;no;no;no;yes;no;yes;yes;yes;4;4;2;5;5;4;0;yes
252;GP;F;16;U;GT3;T;2;1;other;other;home;mother;1;1;0;no;no;no;no;yes;yes;yes;yes;4;5;2;1;1;5;4;no
253;GP;F;16;U;GT3;A;4;1;other;other;home;mother;1;2;0;no;no;no;yes;yes;yes;yes;yes;5;3;3;1;2;5;0;yes
254;GP;F;18;U;LE3;A;2;4;services;other;course;mother;2;2;1;no;yes;no;no;yes;yes;yes;no;4;3;3;1;1;3;18;no
255;GP;F;18;U;LE3;T;2;2;at_home;services;course;mother;1;2;1;no;yes;no;no;no;yes;yes;yes;5;3;1;1;1;5;16;no
256;GP;F;18;U;GT3;T;3;3;other;other;course;mother;2;1;1;no;no;no;no;yes;no;yes;no;4;1;1;1;1;3;14;no
257;GP;M;18;U;GT3;T;2;2;other;at_home;course;other;1;1;1;no;yes;no;yes;no;no;yes;yes;4;4;3;2;2;1;26;no
258;GP;M;17;U;GT3;T;4;4;teacher;teacher;course;mother;1;1;0;no;yes;no;yes;no;yes;yes;no;4;2;1;1;2;5;6;no
259;GP;F;17;U;GT3;T;3;2;other;other;course;father;1;2;0;no;no;no;yes;yes;yes;no;no;5;4;2;1;1;3;4;yes
260;GP;F;17;U;LE3;T;1;1;at_home;at_home;course;mother;1;3;0;no;yes;no;yes;yes;yes;yes;yes;4;3;2;1;2;4;10;no
261;GP;F;16;U;GT3;T;1;2;other;other;course;mother;1;1;0;no;no;no;no;yes;no;yes;no;5;3;5;1;2;5;4;no
262;GP;F;17;R;GT3;T;2;1;at_home;services;course;mother;3;2;0;no;no;no;yes;yes;yes;no;no;2;1;1;1;1;3;2;yes
263;GP;F;17;R;LE3;A;1;4;other;other;course;other;4;1;1;no;yes;no;no;yes;yes;yes;no;5;5;4;1;1;5;14;no
264;GP;M;18;U;GT3;T;2;2;other;services;reputation;father;1;2;0;no;no;no;no;yes;no;yes;no;5;5;4;3;5;2;16;no
265;GP;F;17;U;LE3;A;2;2;other;other;home;mother;1;1;1;no;yes;no;no;no;no;yes;no;3;1;2;1;1;1;8;no
266;GP;F;17;R;LE3;T;1;1;at_home;other;course;mother;2;3;0;no;no;no;yes;yes;yes;yes;no;4;3;3;1;3;5;4;yes
267;GP;F;17;U;LE3;A;4;2;teacher;other;course;mother;1;2;0;no;yes;no;yes;yes;yes;no;no;4;3;2;1;1;4;4;yes
268;GP;M;17;U;LE3;T;4;3;health;other;course;mother;2;2;0;no;no;no;yes;yes;yes;yes;yes;2;5;5;1;4;5;8;yes
269;GP;M;17;R;LE3;A;4;4;teacher;other;course;mother;2;2;0;no;yes;no;no;yes;yes;yes;no;3;3;3;2;3;4;0;yes
270;GP;M;16;U;LE3;T;4;3;teacher;other;course;mother;1;1;0;no;no;no;yes;no;yes;yes;no;5;4;5;1;1;3;7;yes
271;GP;M;16;U;GT3;T;4;4;services;services;course;mother;1;1;0;no;no;yes;yes;yes;yes;yes;no;5;3;2;1;2;5;4;yes
272;GP;F;17;U;GT3;T;4;4;teacher;services;course;mother;1;2;0;no;yes;yes;no;yes;yes;yes;yes;5;3;1;1;4;5;2;yes
273;GP;M;17;R;GT3;T;1;1;other;other;home;father;2;3;0;no;no;no;no;no;yes;yes;yes;4;3;3;1;1;1;2;yes
274;GP;F;17;U;GT3;T;3;3;services;other;home;mother;2;3;0;no;yes;no;no;yes;yes;yes;yes;4;2;2;2;3;5;10;no
275;GP;F;17;U;GT3;T;1;1;at_home;other;course;mother;1;2;0;yes;no;no;no;no;yes;no;yes;4;3;2;1;1;4;10;no
276;GP;F;18;U;GT3;T;2;1;other;other;course;other;2;3;0;no;yes;no;no;no;yes;yes;yes;4;4;4;1;1;3;10;no
277;GP;M;16;U;GT3;T;2;1;other;other;course;mother;3;1;0;no;no;no;no;yes;yes;yes;no;4;3;3;1;1;4;7;yes
278;GP;F;17;U;GT3;T;1;1;other;services;course;father;1;2;0;no;yes;no;no;yes;yes;no;no;4;3;4;1;2;5;4;no
279;GP;M;17;U;GT3;T;2;3;other;other;course;father;2;1;0;no;no;no;no;yes;yes;yes;no;5;2;2;1;1;2;2;yes
280;GP;M;22;U;GT3;T;3;1;services;services;other;mother;1;1;3;no;no;no;no;no;no;yes;yes;5;4;5;5;5;1;12;no
281;GP;M;18;R;LE3;T;3;3;other;services;course;mother;1;2;0;no;yes;no;no;yes;yes;yes;yes;4;3;3;1;3;5;8;no
282;GP;M;16;U;GT3;T;0;2;other;other;other;mother;1;1;0;no;no;no;no;no;yes;yes;no;4;3;2;2;4;5;0;no
283;GP;M;18;U;GT3;T;3;2;services;other;course;mother;2;1;0;no;no;no;no;yes;no;yes;no;4;4;5;2;4;5;8;no
284;GP;M;16;U;GT3;T;3;3;at_home;other;reputation;other;3;2;1;yes;yes;no;no;no;yes;yes;no;5;3;3;1;3;2;4;no
285;GP;M;18;U;GT3;T;2;1;services;services;other;mother;1;1;2;no;no;no;no;no;no;yes;no;3;2;5;2;5;5;4;no
286;GP;M;16;R;GT3;T;2;1;other;other;course;mother;2;1;0;no;no;no;yes;no;yes;no;no;3;3;2;1;3;3;2;yes
287;GP;M;17;R;GT3;T;2;1;other;other;course;mother;1;1;0;no;no;no;no;no;yes;yes;no;4;4;2;2;4;5;0;yes
288;GP;M;17;U;LE3;T;1;1;health;other;course;mother;2;1;1;no;yes;no;yes;yes;yes;yes;no;4;4;4;1;2;5;0;no
289;GP;F;18;U;LE3;A;2;1;other;other;course;mother;1;2;0;no;yes;no;no;no;yes;yes;yes;4;3;4;1;3;5;2;yes
290;GP;F;17;U;LE3;T;4;2;teacher;services;reputation;mother;1;4;0;no;yes;no;yes;yes;yes;yes;no;4;2;3;1;1;4;2;yes
291;GP;F;19;U;GT3;T;2;2;services;services;home;mother;1;2;0;no;yes;no;no;yes;yes;yes;no;4;3;3;1;1;5;0;no
292;GP;M;18;U;LE3;T;2;1;services;other;course;mother;3;2;1;no;no;no;yes;no;no;yes;no;4;4;5;4;4;5;4;no
293;GP;F;17;R;GT3;T;4;2;other;other;course;mother;1;3;0;no;yes;no;yes;yes;yes;yes;no;4;3;4;1;3;5;2;yes
294;GP;F;18;U;LE3;T;1;1;other;at_home;home;mother;1;3;0;no;yes;no;no;no;yes;no;no;4;4;3;2;3;3;4;yes
295;GP;F;18;R;GT3;T;2;2;other;other;home;mother;1;2;0;yes;no;no;no;yes;yes;no;no;3;2;3;1;1;5;4;yes
296;GP;M;19;U;LE3;A;4;3;services;at_home;reputation;mother;1;2;0;no;yes;no;no;yes;yes;yes;no;4;3;1;1;1;1;4;yes
297;GP;M;18;U;GT3;T;2;1;other;other;home;mother;1;2;0;no;no;no;yes;yes;yes;yes;no;5;2;4;1;2;4;2;yes
298;GP;M;17;R;GT3;T;2;2;other;services;other;mother;2;1;0;no;no;no;no;no;no;no;no;5;2;2;1;1;4;0;no
299;GP;F;17;U;LE3;T;2;2;services;services;course;father;1;4;0;no;no;no;yes;yes;yes;yes;yes;3;4;1;1;1;2;2;yes
300;GP;F;20;R;GT3;T;2;1;other;other;course;other;2;2;0;no;yes;yes;yes;yes;no;yes;yes;1;2;3;1;2;2;8;yes
301;GP;F;18;U;GT3;T;4;3;services;other;home;father;1;2;0;no;yes;no;no;yes;yes;yes;yes;3;1;2;1;3;2;2;yes
302;GP;M;18;U;GT3;T;4;3;teacher;other;course;mother;1;2;0;no;yes;no;no;no;yes;yes;no;4;3;2;1;1;3;2;no
303;GP;M;18;R;GT3;T;3;2;other;other;course;mother;1;3;0;no;no;no;yes;no;yes;no;no;5;3;2;1;1;3;2;yes
304;GP;F;17;U;GT3;T;3;3;other;other;home;mother;1;3;0;no;no;no;yes;no;yes;no;no;3;2;3;1;1;4;2;yes
305;GP;F;18;U;GT3;T;2;2;at_home;services;home;mother;1;3;0;no;yes;no;yes;yes;yes;yes;yes;4;3;3;1;1;3;0;yes
306;GP;M;17;U;GT3;T;2;2;other;other;home;father;2;1;0;no;no;no;no;yes;no;yes;no;4;4;4;2;3;4;8;no
307;GP;M;18;R;LE3;A;3;4;other;other;reputation;mother;2;2;0;no;yes;no;yes;yes;yes;yes;no;4;2;5;3;4;1;6;yes
308;GP;M;17;U;GT3;T;3;1;services;other;other;mother;1;2;0;no;no;no;yes;yes;yes;yes;yes;5;4;4;3;4;5;0;yes
309;GP;F;18;R;GT3;T;4;4;teacher;other;reputation;mother;2;2;0;no;no;no;yes;yes;yes;yes;no;4;3;4;2;2;4;8;yes
310;GP;M;18;U;GT3;T;4;2;health;other;reputation;father;1;2;0;no;yes;no;yes;yes;yes;yes;yes;5;4;5;1;3;5;4;yes
311;GP;F;18;R;GT3;T;2;1;other;other;reputation;mother;2;2;0;no;yes;no;no;yes;no;yes;yes;4;3;5;1;2;3;12;no
312;GP;F;19;U;GT3;T;3;3;other;services;home;other;1;2;0;no;yes;no;yes;yes;yes;yes;no;4;3;5;3;3;5;16;yes
313;GP;F;18;U;GT3;T;2;3;other;services;reputation;father;1;4;0;no;yes;no;yes;yes;yes;yes;yes;4;5;5;1;3;2;10;yes
314;GP;F;18;U;LE3;T;1;1;other;other;home;mother;2;2;0;no;yes;no;no;no;yes;no;no;4;4;3;1;1;3;2;yes
315;GP;M;17;R;GT3;T;1;2;at_home;at_home;home;mother;1;2;0;no;yes;no;yes;no;yes;no;yes;3;5;2;2;2;1;2;yes
316;GP;F;18;U;GT3;T;2;1;other;other;home;mother;1;2;0;no;yes;no;no;yes;yes;yes;yes;4;2;5;1;2;1;8;yes
317;GP;F;17;U;GT3;T;2;4;at_home;health;reputation;mother;2;2;0;no;yes;no;no;yes;yes;yes;yes;4;3;3;1;1;1;6;yes
318;GP;F;17;U;LE3;T;2;2;services;other;course;mother;2;2;0;yes;yes;no;no;yes;yes;yes;yes;4;4;4;2;3;5;6;yes
319;GP;F;18;R;GT3;A;3;2;other;services;home;mother;2;2;0;no;no;no;no;no;no;yes;yes;4;1;1;1;1;5;15;no
320;GP;M;18;U;GT3;T;4;4;teacher;services;home;mother;2;1;0;no;no;no;yes;yes;yes;yes;no;3;2;4;1;4;3;6;yes
321;GP;F;18;U;GT3;T;4;4;health;health;reputation;father;1;2;1;yes;yes;no;yes;yes;yes;yes;yes;2;4;4;1;1;4;2;yes
322;GP;F;17;U;GT3;T;2;2;other;services;reputation;father;3;3;0;no;yes;no;no;yes;yes;yes;yes;4;2;3;1;1;1;8;yes
323;GP;F;19;R;GT3;T;3;2;services;services;reputation;father;1;2;1;yes;yes;no;no;yes;no;yes;no;3;3;3;4;3;3;0;no
324;GP;M;18;U;LE3;T;4;3;teacher;services;course;mother;2;1;0;no;no;no;yes;yes;yes;yes;no;4;2;3;1;2;1;0;no
325;GP;M;18;U;GT3;T;1;2;at_home;other;home;other;2;1;0;no;no;no;no;no;no;yes;no;3;4;4;2;4;4;10;no
326;GP;M;17;U;LE3;A;4;1;services;other;home;mother;2;1;0;no;no;no;yes;yes;yes;yes;yes;4;5;4;2;4;5;22;no
327;GP;M;17;U;LE3;A;3;2;teacher;services;home;mother;1;1;0;no;no;no;no;yes;yes;yes;no;4;4;4;3;4;3;18;yes
328;GP;F;18;R;LE3;T;1;1;at_home;other;reputation;mother;2;4;0;no;yes;no;yes;yes;yes;no;no;5;2;2;1;1;3;2;yes
329;GP;F;18;U;GT3;T;1;1;other;other;home;mother;2;2;0;yes;no;no;yes;yes;yes;yes;no;5;4;4;1;1;4;0;yes
330;GP;F;17;U;GT3;T;2;2;other;other;course;mother;1;2;0;no;yes;no;no;no;yes;yes;no;5;4;5;1;2;5;12;yes
331;GP;F;18;U;GT3;T;2;1;other;other;reputation;mother;2;2;0;no;no;no;yes;yes;yes;yes;yes;4;3;1;1;1;5;10;yes
332;GP;M;17;U;GT3;T;1;1;other;other;reputation;father;1;2;0;no;no;no;no;no;yes;yes;no;4;3;3;1;2;4;0;yes
333;GP;F;18;U;GT3;T;2;2;at_home;at_home;other;mother;1;3;0;no;yes;no;no;yes;yes;yes;no;4;3;3;1;2;2;0;yes
334;GP;F;17;U;GT3;T;1;1;services;teacher;reputation;mother;1;3;0;no;yes;no;no;yes;yes;yes;no;4;3;3;1;1;3;0;yes
335;GP;M;18;U;GT3;T;2;1;services;services;reputation;mother;1;3;0;no;no;no;yes;yes;yes;yes;no;4;2;4;1;3;2;0;yes
336;GP;M;18;U;LE3;A;4;4;teacher;teacher;reputation;mother;1;2;0;no;yes;no;yes;yes;yes;yes;no;5;4;3;1;1;2;0;yes
337;GP;M;18;U;GT3;T;4;2;teacher;other;home;mother;1;2;0;no;yes;no;yes;yes;yes;yes;yes;4;3;2;1;4;5;2;yes
338;GP;F;17;U;GT3;T;4;3;health;services;reputation;mother;1;3;0;no;yes;no;no;yes;yes;yes;no;4;2;2;1;2;3;0;yes
339;GP;F;17;R;LE3;T;3;1;services;other;reputation;mother;2;4;0;no;yes;no;no;yes;yes;no;no;3;1;2;1;1;3;0;yes
340;GP;M;18;R;LE3;T;3;2;services;other;reputation;mother;2;3;0;no;yes;no;yes;yes;yes;yes;no;5;4;2;1;1;4;0;yes
341;GP;M;17;U;GT3;T;3;3;health;other;home;mother;1;1;0;no;yes;no;no;yes;yes;yes;no;4;4;3;1;3;5;0;yes
342;GP;F;19;U;GT3;T;4;4;health;other;reputation;other;2;2;0;no;yes;no;yes;yes;yes;yes;no;2;3;4;2;3;2;2;yes
343;GP;F;18;U;LE3;T;4;3;other;other;home;other;2;2;0;no;yes;no;no;yes;yes;yes;yes;4;4;5;1;2;2;0;yes
344;GP;F;18;U;GT3;T;4;3;other;other;reputation;father;1;4;0;no;yes;no;no;yes;yes;yes;no;4;3;3;1;1;3;0;yes
345;GP;M;18;U;LE3;T;4;4;teacher;teacher;home;mother;1;1;0;no;yes;no;no;yes;yes;yes;yes;1;4;2;2;2;1;0;yes
346;GP;F;18;U;LE3;A;4;4;health;other;home;mother;1;2;0;no;yes;yes;no;yes;yes;yes;yes;4;2;4;1;1;4;0;yes
347;GP;M;17;U;LE3;T;4;4;other;teacher;home;father;2;1;0;no;no;no;no;yes;yes;yes;no;4;1;1;2;2;5;0;yes
348;GP;F;17;R;GT3;T;4;4;services;services;reputation;mother;2;3;0;no;yes;no;yes;yes;yes;yes;no;5;3;4;1;1;5;0;no
349;GP;F;17;U;GT3;T;4;2;other;other;reputation;mother;2;3;0;no;yes;no;no;yes;yes;yes;no;4;3;3;1;1;3;0;yes
350;GP;F;17;U;GT3;T;3;2;health;health;reputation;father;1;4;0;no;yes;no;yes;no;yes;yes;no;5;2;2;1;2;5;0;yes
351;GP;M;19;R;LE3;T;2;1;at_home;services;course;mother;2;3;1;no;no;no;yes;yes;yes;yes;yes;4;3;1;1;1;5;0;no
352;GP;M;20;U;GT3;A;3;2;services;other;course;other;1;1;2;no;no;no;yes;yes;yes;no;no;5;5;3;1;1;5;0;yes
353;GP;M;19;R;GT3;T;3;3;other;services;reputation;father;1;2;0;no;no;no;yes;yes;yes;no;yes;4;5;3;1;2;5;0;no
354;GP;F;18;U;GT3;T;1;4;other;teacher;home;mother;1;2;0;yes;yes;no;no;no;yes;no;yes;3;4;4;1;2;5;2;no
355;GP;F;18;U;GT3;T;2;1;services;other;course;mother;2;2;0;no;yes;no;yes;yes;yes;yes;no;5;3;3;1;2;1;2;yes
356;GP;F;17;U;GT3;T;2;3;other;other;course;father;2;2;0;no;no;no;yes;yes;yes;yes;yes;4;2;1;1;1;3;2;yes
357;GP;F;17;R;GT3;T;4;4;teacher;teacher;course;mother;1;1;0;no;no;no;yes;yes;yes;yes;no;4;4;4;1;1;5;2;yes
358;GP;F;18;U;GT3;T;4;3;other;other;course;mother;1;3;0;no;yes;no;yes;yes;yes;yes;yes;4;3;4;1;1;5;2;yes
359;GP;F;18;U;LE3;T;4;3;health;services;course;mother;2;1;0;no;yes;no;no;yes;yes;yes;no;3;2;4;1;4;1;8;yes
360;GP;F;17;R;GT3;T;3;4;at_home;services;course;father;1;3;0;no;yes;no;yes;no;yes;yes;no;4;3;4;2;5;5;2;yes
361;GP;F;18;U;GT3;T;3;3;at_home;other;course;father;1;2;0;no;yes;no;no;yes;yes;yes;no;4;1;4;1;1;3;8;yes
362;GP;M;19;U;GT3;T;4;2;health;other;course;mother;2;2;0;no;yes;no;yes;yes;yes;yes;yes;5;4;4;1;1;1;9;no
363;GP;F;18;U;GT3;T;4;4;teacher;other;course;mother;1;2;0;no;yes;no;no;yes;yes;yes;no;4;4;4;3;3;5;0;yes
364;GP;F;18;U;GT3;T;3;4;other;other;course;mother;1;1;0;no;yes;no;yes;yes;yes;yes;yes;5;4;4;1;1;1;4;yes
365;GP;F;17;U;GT3;T;4;4;health;health;course;mother;1;1;0;no;no;no;yes;yes;yes;yes;no;5;3;4;1;2;5;2;yes
366;GP;F;17;U;GT3;A;4;3;services;services;course;mother;1;2;0;no;yes;no;no;yes;yes;yes;yes;5;2;2;1;2;5;14;yes
367;GP;F;17;U;LE3;A;3;3;services;other;home;mother;1;2;0;yes;yes;no;no;yes;yes;yes;no;5;3;3;1;1;5;0;yes
368;GP;F;17;U;LE3;T;2;1;other;other;home;father;1;2;0;no;no;no;yes;yes;yes;yes;no;4;2;3;2;2;2;2;yes
369;GP;M;18;U;LE3;T;4;4;other;other;reputation;father;1;1;0;no;yes;no;no;yes;yes;yes;no;4;2;5;3;4;5;2;no
370;GP;F;19;U;GT3;T;1;1;other;other;course;other;3;3;0;no;no;no;yes;yes;no;no;yes;1;5;5;4;3;5;12;no
371;GP;F;19;U;LE3;A;1;1;other;other;course;other;3;2;2;no;yes;no;no;no;yes;yes;yes;5;3;4;1;1;4;2;no
372;GP;F;18;U;GT3;T;2;2;other;other;course;mother;1;1;0;no;yes;no;yes;yes;yes;yes;yes;4;3;5;2;4;5;2;no
373;GP;F;17;U;GT3;T;2;2;other;other;course;mother;1;2;0;no;yes;no;no;yes;yes;no;yes;4;2;2;1;1;3;4;yes
374;GP;F;17;R;LE3;T;2;2;services;services;course;mother;1;3;0;no;yes;no;yes;yes;yes;yes;no;3;3;2;2;2;3;0;no
375;GP;F;17;U;GT3;T;3;1;services;services;course;father;1;3;0;no;yes;no;no;no;yes;yes;no;3;4;3;2;3;5;0;yes
376;GP;F;17;U;LE3;T;0;2;at_home;at_home;home;father;2;3;0;no;no;no;no;yes;yes;yes;no;3;3;3;2;3;2;0;yes
377;GP;F;18;U;GT3;T;1;1;other;other;home;mother;2;3;0;no;no;no;yes;yes;yes;yes;no;4;5;5;1;2;2;0;yes
378;GP;M;18;U;GT3;T;4;4;other;other;course;mother;1;3;0;no;no;no;yes;yes;yes;yes;no;4;3;3;2;2;3;0;yes
379;GP;M;17;U;GT3;T;3;3;other;services;reputation;mother;1;1;0;no;no;no;yes;no;yes;yes;no;4;3;5;3;5;5;0;yes
380;GP;M;17;R;GT3;T;2;2;services;other;course;mother;4;1;0;no;yes;no;no;yes;yes;yes;no;4;4;5;5;5;4;2;no
381;GP;F;17;U;GT3;T;4;4;teacher;services;course;mother;1;3;0;no;yes;no;yes;yes;yes;yes;no;5;4;4;1;3;4;0;yes
382;GP;F;17;U;GT3;T;4;4;teacher;teacher;course;mother;2;3;0;no;yes;no;no;no;yes;yes;yes;4;3;3;1;2;4;4;yes
383;GP;F;17;U;GT3;T;3;3;at_home;other;course;mother;1;1;0;no;yes;yes;yes;yes;yes;yes;no;4;2;5;2;5;5;2;no
384;GP;M;18;U;LE3;T;2;2;other;other;course;mother;1;4;0;no;yes;yes;yes;yes;yes;yes;no;4;5;5;2;4;5;0;yes
385;GP;M;19;R;GT3;T;3;2;at_home;services;home;other;1;1;0;no;yes;no;no;no;yes;no;yes;5;3;4;2;2;5;0;no
386;GP;F;18;U;GT3;T;2;2;at_home;other;course;mother;4;2;0;no;no;no;yes;yes;yes;no;yes;4;2;5;1;1;2;2;no
387;GP;F;17;R;GT3;T;2;4;at_home;other;course;father;1;3;0;no;yes;no;no;yes;yes;yes;yes;4;4;3;1;1;5;0;yes
388;GP;M;18;U;GT3;T;2;2;other;other;reputation;mother;1;1;0;no;no;no;no;no;yes;yes;no;5;4;2;1;2;5;6;yes
389;GP;F;18;U;GT3;T;3;3;services;services;home;mother;1;2;0;no;no;no;yes;yes;yes;yes;no;5;3;4;1;1;4;8;yes
390;GP;F;18;U;LE3;T;2;2;other;other;home;other;1;2;0;no;no;no;yes;no;yes;yes;yes;4;3;3;1;1;2;0;yes
391;GP;F;18;R;GT3;T;2;2;at_home;other;course;mother;2;4;0;no;no;no;yes;yes;yes;no;no;4;4;4;1;1;4;6;yes
392;GP;F;17;U;GT3;T;3;4;services;other;course;mother;1;3;0;no;no;no;no;yes;yes;yes;no;4;4;5;1;3;5;8;yes
393;GP;F;17;U;GT3;T;3;2;other;other;home;mother;1;2;0;no;yes;no;no;yes;yes;yes;yes;4;3;2;2;3;2;0;yes
394;GP;F;18;U;LE3;T;3;3;services;services;home;mother;1;4;0;no;yes;no;no;yes;yes;yes;no;5;3;3;1;1;1;4;yes
395;GP;F;17;R;GT3;A;3;2;other;other;home;mother;1;2;0;no;yes;no;no;yes;yes;yes;no;4;3;3;2;3;2;0;yes
396;GP;M;18;U;GT3;T;4;4;teacher;services;home;father;1;2;0;no;yes;no;yes;yes;yes;yes;no;4;3;3;2;2;2;0;yes
397;GP;M;18;U;LE3;T;3;4;services;other;home;mother;1;2;0;no;no;no;yes;yes;yes;yes;yes;4;3;3;1;3;5;6;yes
398;GP;F;17;U;GT3;A;2;2;at_home;at_home;home;father;1;2;0;no;yes;no;no;yes;yes;yes;yes;3;3;1;1;2;4;18;yes
399;GP;F;18;U;GT3;T;2;3;at_home;other;course;mother;1;3;0;no;yes;no;no;yes;yes;yes;no;4;3;3;1;2;3;0;yes
400;GP;F;18;U;GT3;T;3;2;other;services;other;mother;1;3;0;no;no;no;no;yes;yes;yes;yes;5;4;3;2;3;1;4;yes
401;GP;M;18;R;GT3;T;4;3;teacher;services;course;mother;1;3;0;no;no;no;no;yes;yes;yes;yes;5;3;2;1;2;4;4;yes
402;GP;M;18;U;GT3;T;4;3;teacher;other;course;mother;1;3;0;no;yes;no;no;yes;yes;yes;yes;5;4;5;2;3;5;0;yes
403;GP;F;17;U;GT3;T;4;3;health;other;reputation;mother;1;3;0;no;yes;no;yes;yes;yes;yes;yes;4;4;3;1;3;4;0;yes
404;GP;F;17;U;GT3;T;2;1;services;other;course;mother;2;2;0;no;yes;no;yes;yes;yes;yes;yes;4;3;4;2;2;1;10;yes
405;GP;F;17;U;GT3;T;2;1;services;other;reputation;mother;1;2;0;no;yes;no;yes;yes;yes;yes;no;4;3;5;2;4;4;4;yes
406;GP;F;19;U;LE3;A;2;3;at_home;other;home;other;2;1;1;no;no;no;no;yes;no;yes;no;2;2;3;3;4;5;16;no
407;GP;F;17;U;GT3;T;3;1;other;at_home;home;mother;1;1;1;no;yes;yes;no;yes;yes;yes;yes;4;1;2;1;1;3;6;yes
408;GP;F;21;U;LE3;T;4;4;other;other;reputation;other;1;3;2;no;no;yes;yes;yes;yes;yes;no;3;3;2;1;1;5;0;yes
409;GP;M;18;U;LE3;T;2;2;services;services;reputation;mother;1;2;0;no;yes;no;yes;no;no;yes;no;4;4;4;1;3;3;11;yes
410;GP;M;18;U;LE3;A;3;4;other;other;reputation;other;1;2;0;no;no;no;yes;yes;yes;yes;yes;4;3;5;1;4;2;9;yes
411;GP;F;17;U;GT3;T;2;2;services;services;reputation;mother;1;2;0;no;yes;no;yes;yes;yes;yes;no;4;3;4;1;3;4;0;yes
412;GP;M;17;U;LE3;A;4;4;health;other;reputation;mother;1;3;0;no;yes;no;no;yes;yes;yes;no;4;4;2;1;2;4;2;yes
413;GP;F;18;U;LE3;T;4;2;teacher;other;course;mother;1;2;0;no;yes;no;yes;yes;yes;yes;no;4;2;2;1;1;3;0;yes
414;GP;M;21;R;LE3;T;1;1;at_home;other;course;other;2;2;2;no;yes;no;yes;yes;no;yes;yes;5;3;3;5;2;4;21;no
415;GP;F;20;R;GT3;T;1;1;other;other;reputation;other;2;3;0;no;no;no;no;yes;yes;yes;yes;3;2;2;1;3;3;8;yes
416;GP;F;19;U;GT3;T;4;4;teacher;other;home;other;1;1;1;no;yes;no;no;yes;yes;yes;yes;3;2;5;4;4;5;5;no
417;GP;M;17;U;LE3;A;3;2;other;other;reputation;mother;1;2;0;no;yes;no;no;yes;yes;yes;no;4;4;4;1;2;5;10;yes
418;GP;F;18;U;GT3;T;3;2;at_home;other;reputation;father;1;3;0;no;yes;no;no;yes;yes;yes;yes;4;3;4;1;2;2;5;yes
419;GP;M;18;R;GT3;T;2;3;other;services;reputation;father;1;1;0;no;no;no;no;yes;yes;yes;no;3;1;3;4;5;4;13;yes
420;GP;M;19;U;GT3;T;2;1;other;other;reputation;mother;1;1;0;no;no;no;no;yes;yes;yes;no;5;3;4;1;4;4;10;no
421;GP;F;18;U;LE3;A;2;2;services;other;reputation;mother;2;2;0;no;yes;no;no;yes;yes;yes;no;4;1;4;1;3;4;10;yes
422;GP;F;20;U;GT3;T;1;0;other;other;reputation;mother;2;1;1;yes;no;no;no;yes;yes;yes;yes;5;3;1;1;1;5;5;no
423;GP;F;18;U;GT3;T;3;2;services;other;home;mother;1;2;0;no;yes;no;yes;no;yes;yes;yes;3;1;2;1;2;1;4;yes
424;MS;F;16;U;GT3;T;1;3;at_home;other;other;father;2;1;0;no;yes;no;no;yes;no;yes;yes;4;3;3;1;3;5;11;no
425;MS;F;16;R;GT3;T;2;2;other;other;course;mother;2;2;0;no;yes;no;yes;yes;yes;yes;no;4;4;4;1;1;5;0;yes
426;MS;F;15;R;GT3;T;1;1;at_home;services;other;mother;1;1;1;no;yes;no;no;yes;yes;no;yes;4;1;3;1;1;2;6;no
427;MS;F;15;R;GT3;T;3;3;at_home;other;course;mother;2;1;0;no;yes;no;no;yes;yes;yes;no;5;4;4;2;3;5;4;no
428;MS;F;16;R;GT3;T;2;3;at_home;services;course;mother;2;2;0;no;no;no;no;yes;yes;no;no;4;5;2;1;2;5;0;yes
429;MS;F;15;R;LE3;T;2;1;at_home;other;home;mother;2;1;0;no;no;no;no;yes;no;no;no;1;3;4;1;1;1;0;no
430;MS;M;16;R;LE3;A;4;4;at_home;other;home;mother;1;2;0;no;yes;no;no;yes;yes;no;no;5;3;2;1;3;2;5;no
431;MS;M;16;U;GT3;A;1;2;other;other;other;mother;1;3;0;yes;no;no;no;yes;yes;yes;no;4;4;3;1;1;5;0;no
432;MS;F;17;R;GT3;T;3;2;at_home;other;course;father;1;2;1;no;no;no;no;yes;yes;no;yes;4;5;4;1;2;5;0;no
433;MS;F;17;R;GT3;T;1;1;other;other;other;father;1;1;1;no;yes;no;no;no;no;yes;no;5;4;4;2;2;5;0;no
434;MS;F;15;R;GT3;T;4;4;teacher;other;course;mother;2;1;0;no;no;no;no;yes;yes;yes;yes;1;5;1;3;5;5;0;yes
435;MS;F;16;U;LE3;A;2;2;at_home;other;reputation;mother;2;4;0;no;no;no;yes;no;no;no;yes;1;2;1;1;1;1;4;no
436;MS;F;15;R;LE3;T;1;1;at_home;services;reputation;father;2;2;0;no;yes;no;no;yes;yes;yes;no;5;4;3;1;2;4;0;no
437;MS;F;15;R;LE3;T;1;1;other;services;course;mother;2;1;1;no;yes;no;no;yes;yes;yes;yes;4;4;3;1;2;2;4;no
438;MS;F;16;R;GT3;T;0;2;other;other;other;mother;2;1;0;no;yes;no;yes;yes;yes;no;no;3;2;3;1;2;2;0;yes
439;MS;F;17;R;GT3;T;2;3;other;other;course;mother;2;1;0;no;yes;no;no;yes;yes;yes;no;5;5;5;1;3;3;2;yes
440;MS;F;15;R;GT3;T;3;3;other;services;course;father;2;1;0;no;no;no;no;no;yes;yes;no;4;1;3;1;1;4;0;yes
441;MS;M;16;U;GT3;T;1;1;at_home;services;home;mother;2;2;0;no;yes;no;yes;yes;yes;no;yes;5;4;5;4;5;3;0;no
442;MS;M;17;U;GT3;T;1;1;other;other;home;mother;1;2;0;no;no;yes;no;no;yes;yes;no;4;4;3;2;4;5;4;no
443;MS;M;15;R;LE3;T;4;1;health;services;reputation;father;1;2;0;no;yes;no;yes;yes;yes;yes;no;5;3;4;1;2;2;0;yes
444;MS;M;15;R;LE3;T;4;1;health;services;reputation;father;1;2;0;no;yes;no;yes;yes;yes;yes;no;5;3;4;1;2;2;7;no
445;MS;M;16;R;GT3;T;3;4;other;health;other;mother;3;2;0;no;no;no;no;no;yes;no;no;3;4;5;1;2;5;4;no
446;MS;M;15;R;GT3;T;1;1;other;other;course;mother;4;2;0;no;yes;no;yes;yes;yes;no;yes;5;4;5;2;4;4;8;no
447;MS;M;15;U;LE3;T;3;3;at_home;at_home;reputation;father;1;2;0;no;yes;no;yes;yes;yes;yes;no;5;3;3;1;1;5;0;no
448;MS;M;17;R;GT3;T;2;1;other;other;other;mother;3;1;0;no;no;no;yes;yes;no;no;yes;5;5;5;5;5;3;8;no
449;MS;F;16;R;GT3;T;4;4;teacher;teacher;course;mother;2;3;0;no;no;no;yes;yes;yes;yes;yes;4;2;2;1;1;4;6;yes
450;MS;F;15;R;GT3;T;1;2;other;services;course;mother;2;1;0;no;no;no;no;yes;yes;no;no;5;1;2;1;1;1;3;yes
451;MS;F;16;R;GT3;T;2;3;other;services;course;mother;3;2;0;no;yes;no;no;yes;yes;yes;no;4;5;4;1;2;1;2;yes
452;MS;M;16;R;GT3;T;1;2;other;other;course;father;2;2;0;no;no;no;no;yes;yes;no;no;4;3;3;1;1;5;0;no
453;MS;F;16;R;GT3;T;2;2;other;other;course;mother;3;2;0;no;yes;no;no;yes;yes;yes;no;4;4;5;1;1;4;4;no
454;MS;F;16;U;GT3;T;1;2;other;services;course;mother;1;3;1;no;yes;no;no;yes;yes;no;no;1;3;2;1;2;4;0;no
455;MS;F;16;U;GT3;T;1;2;other;services;course;mother;1;3;1;no;yes;no;no;yes;yes;no;no;1;3;2;1;2;4;3;no
456;MS;F;15;U;GT3;T;2;1;at_home;other;home;mother;1;2;0;yes;yes;no;no;no;yes;yes;no;4;4;2;3;3;2;0;no
457;MS;F;16;U;GT3;T;1;1;at_home;other;course;father;1;2;0;no;yes;no;no;no;yes;no;yes;5;4;3;2;1;2;0;yes
458;MS;M;17;R;LE3;T;1;2;at_home;services;reputation;mother;1;1;0;no;yes;no;yes;yes;yes;yes;no;5;5;5;5;5;3;4;no
459;MS;F;16;R;GT3;T;1;1;other;other;home;father;4;4;0;no;yes;no;no;no;yes;yes;no;4;3;2;1;1;1;0;yes
460;MS;F;16;R;GT3;T;1;1;at_home;other;other;father;4;3;0;yes;yes;no;no;yes;yes;no;no;4;4;3;1;1;5;2;no
461;MS;F;15;R;GT3;T;1;1;at_home;other;home;father;2;2;0;no;yes;no;yes;yes;yes;yes;no;4;3;3;1;1;2;1;no
462;MS;F;16;R;GT3;T;1;1;at_home;other;other;mother;2;1;0;no;no;no;yes;yes;yes;yes;yes;4;2;2;4;3;2;0;yes
463;MS;F;15;R;GT3;T;1;1;at_home;at_home;course;father;3;2;0;no;yes;no;no;yes;yes;no;no;4;2;1;1;2;2;0;yes
464;MS;F;15;R;LE3;T;2;2;other;other;other;father;1;3;0;yes;yes;no;no;yes;yes;no;no;4;4;3;2;2;5;2;yes
465;MS;M;16;R;GT3;T;1;1;at_home;other;other;father;2;1;0;no;no;no;yes;yes;yes;no;no;3;4;4;3;4;5;6;no
466;MS;F;18;U;GT3;T;1;2;other;other;course;father;1;2;1;no;yes;no;yes;yes;yes;yes;yes;3;4;4;2;3;5;9;no
467;MS;M;15;U;GT3;T;3;1;other;services;home;mother;2;1;0;no;yes;no;no;yes;yes;no;no;3;2;3;1;3;4;0;no
468;MS;F;16;R;GT3;T;2;2;other;services;course;father;3;2;0;no;yes;no;yes;yes;yes;yes;no;5;3;4;1;1;2;1;yes
469;MS;M;15;U;GT3;T;2;2;health;other;reputation;mother;3;1;0;no;no;no;no;yes;yes;no;no;4;3;3;1;2;4;1;yes
470;MS;M;16;U;GT3;T;4;4;other;teacher;course;father;1;2;0;no;yes;no;yes;yes;yes;no;yes;4;3;1;1;1;3;0;yes
471;MS;F;15;R;GT3;T;3;3;services;other;reputation;mother;1;2;0;no;yes;no;no;yes;yes;yes;yes;4;5;4;1;1;1;4;yes
472;MS;F;16;R;GT3;T;2;2;at_home;other;course;mother;2;2;1;no;yes;no;yes;no;yes;no;no;4;4;4;2;3;5;2;yes
473;MS;F;16;R;LE3;T;2;2;other;other;home;father;3;1;0;no;yes;no;yes;yes;yes;no;yes;4;3;2;1;1;4;0;yes
474;MS;M;16;U;LE3;T;2;1;at_home;services;course;mother;2;1;0;no;yes;no;yes;yes;yes;yes;no;2;4;3;2;3;4;4;no
475;MS;M;15;R;LE3;T;1;3;at_home;other;reputation;father;3;1;0;no;yes;no;yes;yes;yes;yes;no;4;2;4;3;5;3;2;no
476;MS;F;15;U;GT3;T;2;2;other;services;course;mother;2;3;0;no;yes;no;yes;yes;yes;no;no;5;3;2;1;1;4;0;yes
477;MS;F;16;R;LE3;T;2;1;other;other;home;mother;1;1;0;no;yes;no;no;yes;yes;yes;yes;5;4;3;1;1;5;2;no
478;MS;M;15;U;GT3;T;3;3;services;services;course;father;2;1;0;no;yes;no;yes;no;yes;yes;no;4;3;3;2;4;3;11;no
479;MS;F;16;R;GT3;T;1;1;at_home;other;course;father;2;2;3;yes;yes;no;no;yes;yes;no;no;3;4;3;1;1;1;0;no
480;MS;F;17;U;GT3;T;2;2;other;at_home;course;mother;1;1;0;no;yes;no;yes;yes;no;no;no;4;5;3;1;1;5;4;no
481;MS;F;19;U;GT3;T;2;3;at_home;services;course;other;1;1;1;no;no;no;no;yes;no;yes;yes;4;4;4;1;1;2;0;no
482;MS;F;17;R;GT3;T;2;1;at_home;other;course;mother;3;1;0;no;yes;no;yes;yes;no;no;yes;5;5;3;1;1;3;2;no
483;MS;F;15;R;LE3;T;1;1;at_home;other;course;mother;2;1;0;no;yes;no;no;yes;no;no;yes;5;2;1;1;3;4;0;no
484;MS;F;16;R;GT3;T;2;2;other;other;course;father;3;2;0;no;yes;no;no;yes;no;yes;no;3;4;5;1;2;1;1;no
485;MS;F;16;U;LE3;A;2;2;other;other;home;mother;1;1;0;no;yes;no;no;yes;no;no;no;4;3;4;1;2;1;6;no
486;MS;F;17;R;GT3;T;2;2;at_home;other;course;mother;2;2;0;no;yes;no;no;yes;yes;yes;no;4;3;5;1;2;4;0;no
487;MS;F;16;U;GT3;T;2;2;other;services;course;father;1;1;1;no;yes;yes;yes;no;yes;yes;no;4;4;3;1;4;3;1;no
488;MS;F;18;R;LE3;A;3;2;other;other;course;other;2;3;2;no;yes;no;no;no;no;no;yes;3;3;2;1;1;2;6;no
489;MS;F;19;U;GT3;T;1;1;at_home;services;course;mother;1;3;1;no;no;no;yes;yes;no;no;yes;5;3;1;1;1;3;6;no
490;MS;M;18;R;GT3;T;1;1;other;other;home;mother;2;1;1;no;no;no;yes;yes;no;yes;no;4;4;3;3;4;4;0;no
491;MS;F;18;R;GT3;T;1;1;at_home;at_home;course;mother;2;1;1;no;no;no;no;no;no;yes;yes;3;2;3;1;1;2;4;no
492;MS;F;19;U;GT3;T;1;1;other;other;course;other;2;2;1;no;yes;no;no;yes;yes;yes;yes;1;1;4;4;1;1;12;no
493;MS;F;16;R;GT3;A;2;2;health;other;course;mother;1;2;0;no;no;no;no;no;yes;no;yes;3;3;2;1;1;3;2;no
494;MS;F;17;U;GT3;T;0;1;other;at_home;course;father;2;1;0;no;no;no;yes;no;yes;no;no;2;4;4;3;5;5;5;no
495;MS;F;16;R;LE3;T;1;2;at_home;other;course;mother;1;2;0;no;no;no;yes;yes;no;yes;no;4;4;5;1;3;3;0;no
496;MS;F;16;U;GT3;T;3;3;other;other;reputation;mother;1;1;0;no;no;no;yes;yes;no;yes;yes;4;5;4;1;1;4;0;yes
497;MS;F;16;R;LE3;T;1;1;services;services;home;mother;1;1;0;no;yes;no;yes;yes;yes;yes;yes;4;4;4;2;2;4;2;yes
498;MS;M;17;U;GT3;T;3;3;services;at_home;course;mother;2;4;1;no;yes;yes;yes;yes;yes;no;no;5;4;5;3;4;5;0;no
499;MS;F;16;U;GT3;T;2;1;other;services;course;mother;1;2;0;no;yes;no;yes;yes;yes;yes;no;5;3;3;1;1;1;0;yes
500;MS;F;16;U;GT3;T;2;2;services;other;course;mother;1;1;0;no;yes;yes;yes;yes;yes;no;yes;4;2;5;1;2;5;0;yes
501;MS;M;17;U;GT3;T;1;2;other;other;course;father;1;1;1;no;yes;no;yes;yes;no;yes;yes;5;3;5;5;5;1;12;no
502;MS;M;16;U;LE3;T;4;3;other;other;course;father;1;1;0;no;no;no;yes;yes;yes;yes;no;4;2;5;1;5;5;8;yes
503;MS;M;17;R;LE3;T;2;2;services;services;other;mother;3;4;1;no;yes;no;no;yes;yes;no;no;1;3;5;3;5;3;2;no
504;MS;F;16;U;GT3;T;1;1;other;other;course;other;1;4;0;yes;yes;no;yes;yes;yes;yes;no;2;2;1;1;1;5;0;yes
505;MS;F;19;U;LE3;T;2;2;other;other;home;mother;1;3;0;no;no;no;no;yes;yes;yes;yes;5;4;5;1;1;1;0;yes
506;MS;F;17;R;GT3;T;1;1;at_home;other;reputation;mother;2;1;0;no;yes;no;yes;no;yes;yes;yes;4;4;5;1;2;5;0;no
507;MS;F;20;U;GT3;T;3;3;at_home;services;other;mother;2;2;1;no;no;no;yes;yes;yes;yes;yes;3;3;4;2;4;3;8;no
508;MS;F;17;U;LE3;T;1;1;other;services;course;father;1;3;0;no;yes;no;no;yes;yes;no;yes;4;3;3;1;1;3;0;no
509;MS;M;17;R;GT3;T;2;2;other;other;course;mother;3;1;1;no;yes;no;no;no;yes;yes;no;4;4;5;1;2;5;0;no
510;MS;F;16;R;LE3;T;1;1;at_home;other;course;father;3;2;0;no;yes;no;no;yes;yes;no;no;5;3;2;1;1;1;0;yes
511;MS;F;17;R;GT3;T;2;2;other;other;reputation;mother;2;2;0;no;yes;no;yes;yes;yes;no;no;5;3;2;1;1;1;0;yes
512;MS;F;17;U;GT3;A;1;0;other;other;other;mother;2;2;0;no;no;no;no;yes;yes;yes;yes;4;4;5;1;1;4;1;no
513;MS;F;18;R;GT3;T;1;1;at_home;other;other;mother;1;2;1;no;yes;no;no;yes;yes;yes;yes;4;3;2;1;1;5;9;no
514;MS;F;16;U;GT3;T;3;1;other;other;course;mother;1;1;0;no;no;no;yes;yes;yes;yes;no;3;1;3;1;3;1;0;no
515;MS;F;16;U;GT3;T;3;2;services;at_home;course;mother;1;1;0;no;no;no;no;yes;yes;yes;no;3;1;3;1;4;3;2;no
516;MS;F;18;U;LE3;T;1;1;other;at_home;reputation;mother;2;2;0;yes;no;no;no;yes;yes;no;no;2;3;5;1;4;3;8;no
517;MS;F;16;R;GT3;T;4;4;health;teacher;reputation;father;1;2;0;no;no;no;yes;no;yes;yes;yes;4;3;3;2;3;2;0;yes
518;MS;F;16;R;LE3;T;1;2;other;other;reputation;mother;2;1;0;no;no;no;yes;yes;yes;yes;no;5;4;5;1;4;2;0;yes
519;MS;F;18;U;GT3;A;2;4;other;services;reputation;father;1;2;1;no;yes;no;no;yes;yes;yes;no;2;3;2;1;3;1;8;no
520;MS;M;16;R;GT3;T;2;1;other;services;reputation;mother;2;2;0;no;no;no;yes;yes;yes;yes;no;5;2;1;1;1;2;0;no
521;MS;F;16;U;LE3;T;1;1;at_home;other;other;mother;3;2;0;no;yes;no;no;yes;yes;yes;no;4;3;2;1;3;5;6;no
522;MS;F;16;R;GT3;T;2;3;at_home;services;other;mother;2;2;0;no;yes;no;yes;yes;yes;yes;no;3;3;3;1;1;2;0;no
523;MS;F;16;U;GT3;T;4;4;health;health;course;mother;1;2;0;no;yes;no;no;yes;yes;yes;yes;4;3;4;1;2;3;4;no
524;MS;M;18;U;LE3;T;4;4;at_home;health;home;mother;1;4;0;no;yes;no;yes;yes;no;yes;yes;5;5;5;5;5;5;2;no
525;MS;F;16;R;LE3;T;3;4;at_home;other;other;mother;3;2;0;no;yes;no;no;no;yes;no;no;4;2;1;1;1;2;2;no
526;MS;M;17;U;LE3;T;4;4;other;services;home;mother;1;3;0;no;yes;no;no;yes;yes;yes;no;4;4;3;1;2;5;0;yes
527;MS;F;17;R;GT3;T;4;1;other;other;other;mother;1;1;0;no;no;no;no;yes;yes;yes;yes;4;2;3;1;2;5;1;yes
528;MS;M;16;U;LE3;T;2;2;services;services;other;mother;4;3;0;no;no;no;no;yes;yes;no;no;5;1;3;2;2;3;0;no
529;MS;F;17;R;GT3;T;2;2;at_home;other;other;mother;1;1;0;no;yes;yes;no;yes;yes;yes;no;5;1;3;1;2;5;5;no
530;MS;F;16;U;LE3;T;4;4;services;services;other;father;2;1;0;no;yes;no;no;yes;yes;no;no;5;1;3;1;2;5;1;no
531;MS;M;17;U;GT3;T;3;3;services;services;home;mother;1;1;0;no;yes;no;yes;yes;yes;yes;no;4;1;4;5;5;3;8;no
532;MS;M;17;U;GT3;T;1;1;at_home;services;other;mother;3;2;0;no;no;no;no;yes;yes;yes;yes;5;1;3;3;3;1;0;no
533;MS;M;16;U;GT3;T;2;1;health;services;other;mother;2;2;0;no;no;no;no;no;yes;yes;yes;4;2;2;1;4;5;2;no
534;MS;F;16;U;LE3;T;2;1;other;services;other;mother;1;2;0;no;no;no;no;yes;yes;yes;yes;3;2;2;1;1;3;0;yes
535;MS;M;16;U;LE3;T;4;4;teacher;health;other;father;1;1;0;no;yes;no;no;yes;yes;yes;no;4;1;2;2;5;5;0;yes
536;MS;M;15;R;GT3;T;1;2;other;services;course;mother;3;2;0;no;yes;no;yes;yes;yes;no;no;5;5;5;1;3;5;11;no
537;MS;M;15;U;LE3;A;2;2;other;other;reputation;mother;3;4;0;no;yes;no;yes;yes;yes;no;no;5;4;5;2;3;5;8;yes
538;MS;M;15;U;LE3;A;2;1;services;services;course;mother;1;1;0;no;no;no;yes;yes;yes;yes;no;4;3;3;1;2;5;11;yes
539;MS;F;16;R;LE3;T;2;2;other;other;course;mother;1;3;0;no;yes;no;no;no;yes;no;yes;4;3;3;2;2;5;2;no
540;MS;F;16;U;LE3;T;4;1;other;other;home;mother;2;2;0;no;yes;no;yes;yes;yes;yes;no;1;2;4;2;2;1;8;no
541;MS;F;17;U;GT3;T;3;2;at_home;other;home;mother;2;1;0;no;no;no;no;yes;yes;no;yes;4;3;3;2;2;1;5;no
542;MS;F;17;R;GT3;T;2;2;other;other;other;mother;2;2;0;yes;no;yes;no;yes;yes;no;no;5;1;3;1;1;5;0;no
543;MS;F;16;U;GT3;T;4;4;teacher;services;course;mother;2;3;0;no;yes;no;no;yes;yes;yes;yes;5;3;5;1;4;5;1;yes
544;MS;M;17;R;GT3;T;4;4;health;other;course;father;3;1;3;no;no;no;yes;yes;yes;yes;yes;3;3;3;1;3;5;2;no
545;MS;M;17;R;LE3;T;1;3;other;other;course;father;2;1;0;no;no;no;yes;yes;yes;no;yes;5;1;2;3;3;5;2;yes
546;MS;M;17;U;GT3;T;3;4;services;other;other;mother;1;2;1;no;yes;no;yes;no;yes;yes;yes;5;4;4;3;4;5;8;no
547;MS;F;17;U;GT3;T;4;4;health;health;course;father;1;2;0;no;yes;no;no;yes;yes;yes;no;5;2;5;1;1;5;0;yes
548;MS;M;16;R;LE3;T;4;1;other;at_home;other;father;1;1;0;no;no;no;no;yes;yes;yes;no;4;1;2;2;1;2;0;no
549;MS;F;17;U;GT3;A;1;1;at_home;at_home;other;mother;1;2;0;no;no;no;yes;yes;yes;yes;yes;4;5;5;1;2;3;2;no
550;MS;F;17;R;GT3;T;4;2;other;other;course;mother;2;2;0;yes;yes;no;no;no;yes;yes;no;4;3;3;2;3;5;0;yes
551;MS;M;16;U;LE3;A;2;2;other;services;course;father;2;2;0;no;yes;no;no;no;yes;yes;yes;4;1;2;2;2;5;0;yes
552;MS;M;17;U;GT3;T;3;2;other;other;other;father;2;2;0;no;yes;yes;no;yes;yes;yes;no;4;1;2;2;2;1;0;yes
553;MS;M;19;U;GT3;T;1;1;other;other;other;mother;1;2;2;no;yes;no;yes;yes;no;yes;no;4;4;3;3;4;4;2;no
554;MS;M;17;U;LE3;A;1;0;other;other;home;mother;1;1;0;no;no;no;no;yes;yes;no;yes;4;1;2;1;1;5;4;yes
555;MS;F;17;R;GT3;T;1;1;at_home;at_home;course;father;2;1;0;no;yes;no;yes;yes;no;yes;yes;3;5;5;2;2;4;3;no
556;MS;F;16;R;GT3;T;1;2;other;other;home;father;1;3;0;yes;yes;no;no;no;yes;yes;yes;4;3;4;1;1;3;5;yes
557;MS;M;16;R;LE3;T;1;2;other;at_home;course;mother;1;1;0;no;no;no;no;yes;yes;no;no;4;4;4;2;4;5;4;no
558;MS;F;17;R;GT3;T;3;1;other;other;course;mother;2;2;3;no;yes;no;yes;no;yes;yes;yes;5;4;4;1;1;5;2;no
559;MS;M;17;R;GT3;T;2;2;other;other;course;mother;2;1;0;no;no;no;yes;yes;no;no;yes;5;5;5;3;5;5;0;no
560;MS;M;18;R;GT3;T;1;0;at_home;at_home;course;other;3;1;1;yes;yes;no;no;yes;yes;no;no;4;3;2;1;1;4;0;yes
561;MS;M;17;R;GT3;T;1;1;other;services;course;mother;2;1;0;no;yes;no;yes;no;yes;yes;yes;4;5;5;1;3;2;0;no
562;MS;M;18;U;LE3;T;1;1;at_home;at_home;course;mother;2;2;0;no;yes;no;yes;yes;yes;no;no;4;3;3;1;4;5;6;no
563;MS;F;16;R;LE3;T;2;2;other;services;course;father;1;2;0;no;no;no;yes;yes;yes;no;yes;5;4;3;1;1;1;0;yes
564;MS;M;17;U;GT3;T;2;2;other;other;course;mother;1;1;1;no;no;no;yes;yes;yes;no;yes;1;2;1;2;3;5;0;no
565;MS;M;16;R;GT3;T;3;2;services;other;course;father;2;1;0;no;no;no;no;yes;yes;yes;no;4;5;5;2;3;5;2;no
566;MS;M;16;R;LE3;T;1;1;at_home;other;course;mother;2;1;0;no;no;no;yes;yes;yes;yes;no;4;5;5;2;4;5;0;no
567;MS;M;18;R;GT3;T;1;1;services;other;course;other;2;1;1;no;yes;no;no;yes;no;yes;yes;5;3;3;2;3;5;2;no
568;MS;M;18;R;GT3;T;3;2;services;other;course;mother;1;1;1;no;no;no;no;yes;no;yes;no;2;3;1;2;2;5;0;no
569;MS;M;19;U;GT3;T;3;2;at_home;services;course;mother;2;1;3;no;no;no;yes;yes;yes;no;no;3;2;1;1;1;3;4;no
570;MS;M;18;U;GT3;T;3;3;at_home;at_home;course;mother;1;2;2;no;yes;no;yes;yes;no;yes;no;4;4;5;1;3;3;9;no
571;MS;M;16;R;GT3;T;2;2;services;services;course;mother;2;1;0;no;yes;no;yes;yes;yes;yes;yes;5;4;3;2;4;4;6;no
572;MS;M;19;U;GT3;T;2;1;at_home;other;course;other;2;1;3;no;no;no;yes;no;no;yes;yes;4;4;3;1;3;5;4;no
573;MS;F;16;U;GT3;A;3;2;services;at_home;course;mother;2;2;2;no;yes;no;yes;yes;yes;no;yes;2;5;5;1;1;1;8;no
574;MS;F;17;U;GT3;T;1;1;other;at_home;course;mother;1;1;0;no;yes;no;yes;yes;yes;no;no;4;3;2;1;2;5;9;no
575;MS;M;20;R;GT3;T;1;1;other;other;course;other;2;1;1;no;yes;no;no;yes;no;yes;yes;4;4;3;2;4;4;12;no
576;MS;F;18;R;GT3;A;4;3;services;services;course;mother;1;1;0;no;yes;no;no;yes;yes;yes;no;5;4;4;3;4;2;8;no
577;MS;M;18;R;GT3;T;3;2;other;other;course;mother;2;1;0;no;yes;no;no;no;yes;yes;no;2;5;5;5;5;5;8;no
578;MS;M;19;R;GT3;T;1;1;other;services;home;other;3;2;1;no;no;no;no;yes;yes;yes;no;5;4;4;3;3;2;8;no
579;MS;M;17;U;GT3;T;3;3;health;other;course;mother;2;2;1;no;yes;no;no;yes;yes;yes;no;4;5;4;2;3;3;4;no
580;MS;M;18;U;LE3;T;1;3;at_home;services;course;mother;1;1;0;no;no;no;no;yes;no;yes;yes;4;3;3;2;3;3;0;no
581;MS;M;19;R;GT3;T;1;1;other;other;home;other;3;1;1;no;yes;no;no;yes;yes;yes;no;4;4;4;3;3;5;4;no
582;MS;F;18;U;GT3;A;1;2;at_home;other;course;mother;2;2;2;no;yes;no;no;yes;yes;no;no;4;3;3;1;1;5;2;no
583;MS;F;19;U;LE3;A;1;1;at_home;other;course;mother;1;1;0;no;yes;no;no;yes;no;no;no;1;4;4;1;1;5;0;no
584;MS;F;18;R;GT3;T;2;2;other;other;other;mother;2;1;1;no;no;no;no;yes;no;yes;yes;5;5;5;1;1;3;0;no
585;MS;F;17;R;GT3;T;0;0;at_home;other;course;mother;2;1;0;no;yes;no;no;yes;yes;yes;no;4;4;3;1;1;5;0;no
586;MS;F;17;R;LE3;A;3;1;other;at_home;course;other;2;3;0;no;yes;yes;no;yes;no;no;no;4;2;3;2;2;3;5;no
587;MS;F;17;U;GT3;T;4;2;teacher;services;home;mother;1;2;0;yes;yes;no;yes;yes;yes;yes;no;5;5;5;1;3;5;0;no
588;MS;F;18;R;LE3;T;2;2;services;services;course;mother;1;2;1;no;yes;no;yes;yes;yes;yes;no;2;3;3;1;2;4;3;no
589;MS;F;17;U;GT3;T;4;1;health;at_home;course;mother;1;1;0;no;yes;no;no;yes;yes;no;yes;3;2;2;1;1;5;0;no
590;MS;F;17;U;LE3;T;1;2;at_home;other;course;father;1;1;0;no;no;no;no;yes;yes;yes;no;5;5;1;1;1;3;0;no
591;MS;F;18;U;GT3;T;1;1;other;other;course;mother;3;2;2;no;no;no;yes;yes;yes;no;yes;3;4;4;2;2;5;3;no
592;MS;F;18;U;GT3;T;2;2;services;at_home;reputation;father;2;2;0;no;no;no;yes;no;yes;yes;no;4;3;5;1;1;1;2;yes
593;MS;F;17;U;GT3;T;3;3;services;services;course;mother;2;1;0;no;yes;no;no;yes;yes;yes;no;4;4;3;1;1;4;0;yes
594;MS;F;18;U;LE3;A;1;2;at_home;other;reputation;mother;2;2;0;no;no;no;no;yes;yes;yes;no;4;4;3;1;2;4;0;yes
595;MS;F;18;U;GT3;T;4;4;teacher;teacher;reputation;mother;2;2;0;no;no;no;yes;no;yes;yes;no;4;3;5;1;2;1;0;yes
596;MS;M;18;U;LE3;T;4;4;services;other;reputation;mother;1;1;0;no;yes;no;yes;yes;yes;yes;no;5;4;5;1;1;5;3;yes
597;MS;F;17;U;GT3;T;4;2;other;other;course;mother;2;2;0;no;yes;no;no;yes;yes;yes;no;4;3;3;1;2;4;0;yes
598;MS;F;18;R;GT3;T;2;2;at_home;other;course;mother;3;2;1;no;no;no;yes;yes;yes;no;yes;4;3;3;1;1;4;0;no
599;MS;M;18;U;LE3;T;1;2;at_home;services;home;mother;2;1;0;no;yes;no;no;no;yes;no;no;4;1;4;5;5;1;8;no
600;MS;M;18;R;GT3;T;4;4;at_home;services;other;mother;3;1;0;no;yes;yes;yes;yes;yes;yes;yes;2;5;5;1;1;1;5;yes
601;MS;M;17;R;GT3;T;1;1;other;services;other;father;3;1;0;no;no;no;no;no;no;no;no;4;2;3;3;4;4;4;yes
602;MS;F;18;U;GT3;T;2;2;other;other;course;mother;2;2;0;no;yes;no;no;no;yes;yes;yes;1;3;1;1;1;2;4;no
603;MS;F;18;U;LE3;T;2;2;services;services;course;father;2;3;0;no;no;no;no;yes;yes;yes;yes;5;4;5;1;4;3;0;yes
604;MS;F;18;R;LE3;A;4;2;teacher;other;reputation;mother;1;2;0;no;no;no;yes;yes;yes;yes;yes;5;3;1;1;1;5;0;no
605;MS;F;18;U;GT3;T;1;1;at_home;services;course;mother;3;2;1;no;no;no;no;yes;no;no;no;4;4;2;1;2;2;2;no
606;MS;F;19;U;GT3;T;1;1;at_home;services;other;father;2;1;1;no;no;no;no;yes;no;no;no;5;5;5;2;3;2;0;no
607;MS;F;17;U;GT3;T;4;2;teacher;other;course;father;2;4;0;no;no;no;no;yes;yes;yes;yes;4;2;3;3;1;5;0;yes
608;MS;F;17;R;LE3;A;2;1;services;other;reputation;mother;2;2;0;no;no;no;yes;yes;yes;yes;yes;5;3;3;1;2;2;5;yes
609;MS;F;18;U;LE3;A;1;1;at_home;services;course;mother;1;2;0;no;no;no;no;yes;yes;no;yes;5;2;3;1;2;3;2;no
610;MS;F;18;U;GT3;T;1;2;at_home;at_home;course;father;2;2;0;no;yes;no;no;yes;no;no;no;4;1;1;1;1;4;0;yes
611;MS;F;19;R;GT3;A;1;1;at_home;at_home;course;other;2;2;3;no;yes;no;yes;yes;no;no;yes;3;5;4;1;4;1;0;no
612;MS;F;18;R;GT3;T;2;2;services;other;home;mother;2;3;0;no;no;no;no;yes;yes;yes;yes;4;2;1;1;1;4;5;yes
613;MS;M;17;R;GT3;T;4;3;services;other;home;mother;2;2;1;no;yes;yes;yes;no;yes;yes;yes;4;5;5;1;3;2;4;no
614;MS;F;18;U;GT3;T;3;3;services;services;course;father;1;2;0;no;yes;no;no;yes;yes;no;yes;5;3;4;1;1;5;0;no
615;MS;F;17;R;GT3;T;4;4;teacher;services;other;father;2;2;0;no;yes;yes;yes;yes;yes;yes;no;4;3;3;1;2;5;2;yes
616;MS;F;17;U;LE3;A;3;2;services;other;reputation;mother;2;2;0;no;no;no;no;yes;yes;no;yes;1;2;3;1;2;5;0;yes
617;MS;M;18;U;LE3;T;1;1;other;services;home;father;2;1;0;no;no;no;no;no;yes;yes;yes;3;3;2;1;2;3;2;yes
618;MS;F;18;U;LE3;T;1;1;at_home;services;course;father;2;3;0;no;no;no;no;yes;yes;yes;no;5;3;2;1;1;4;0;yes
619;MS;F;18;R;LE3;A;1;2;at_home;other;course;mother;3;2;0;no;no;no;no;yes;yes;no;yes;4;3;4;1;4;5;0;yes
620;MS;F;18;U;GT3;T;3;3;services;services;other;mother;2;2;0;no;yes;no;no;yes;yes;yes;yes;4;3;2;1;3;3;6;yes
621;MS;F;17;U;LE3;T;4;4;at_home;at_home;course;mother;1;2;0;no;yes;no;yes;yes;yes;yes;yes;2;3;4;1;1;1;4;yes
622;MS;F;17;R;GT3;T;1;2;other;services;course;father;2;2;0;no;no;no;no;no;yes;no;no;3;2;2;1;2;3;0;yes
623;MS;M;18;R;GT3;T;1;3;at_home;other;course;mother;2;2;0;no;yes;yes;no;yes;yes;no;no;3;3;4;2;4;3;0;no
624;MS;M;18;U;LE3;T;4;4;teacher;services;other;mother;2;3;0;no;no;no;no;yes;yes;yes;yes;4;2;2;2;2;5;0;yes
625;MS;F;17;R;GT3;T;1;1;other;services;reputation;mother;3;1;1;no;yes;no;no;yes;yes;yes;yes;5;2;1;1;2;1;0;no
626;MS;F;18;U;GT3;T;2;3;at_home;services;course;father;2;1;0;no;yes;no;no;yes;yes;yes;yes;5;2;3;1;2;4;0;no
627;MS;F;18;R;GT3;T;4;4;other;teacher;other;father;3;2;0;no;yes;no;no;no;yes;yes;yes;3;2;2;4;2;5;0;no
628;MS;M;18;R;LE3;T;1;2;at_home;services;other;father;3;1;0;no;yes;no;yes;yes;no;yes;yes;4;3;3;2;3;3;3;no
629;MS;F;17;U;GT3;T;2;2;other;at_home;home;mother;1;3;0;no;no;no;yes;yes;yes;no;yes;3;4;3;1;1;3;8;yes
630;MS;F;17;R;GT3;T;1;2;other;other;course;mother;1;1;0;no;no;no;yes;yes;yes;yes;no;3;5;5;1;3;1;4;no
631;MS;F;18;R;LE3;T;4;4;other;other;reputation;mother;2;3;0;no;no;no;no;yes;yes;yes;no;5;4;4;1;1;1;0;yes
632;MS;F;18;R;GT3;T;1;1;other;other;home;mother;4;3;0;no;no;no;no;yes;yes;yes;no;4;3;2;1;2;4;4;yes
633;MS;F;19;R;GT3;T;1;1;at_home;other;course;other;2;2;1;no;yes;no;no;yes;yes;yes;yes;4;3;3;1;1;3;4;no
634;MS;F;18;R;LE3;T;4;4;teacher;services;course;mother;1;2;0;no;no;no;yes;yes;yes;yes;no;5;4;3;3;4;2;1;yes
635;MS;F;18;U;GT3;T;3;3;other;other;home;mother;1;2;0;no;no;no;no;yes;yes;yes;yes;4;1;3;1;2;1;1;yes
636;MS;F;17;R;GT3;T;3;1;at_home;other;reputation;mother;1;2;0;no;yes;no;yes;no;yes;yes;no;4;5;4;2;3;1;10;no
637;MS;M;18;U;GT3;T;4;4;teacher;teacher;home;father;1;2;0;no;no;no;yes;no;yes;yes;no;3;2;4;1;4;2;4;yes
638;MS;M;18;R;GT3;T;2;1;other;other;other;mother;2;1;0;no;no;no;yes;no;yes;yes;yes;4;4;3;1;3;5;0;no
639;MS;M;17;U;GT3;T;2;3;other;services;home;father;2;2;0;no;no;no;yes;yes;yes;yes;no;4;4;3;1;1;3;4;yes
640;MS;M;19;R;GT3;T;1;1;other;services;other;mother;2;1;1;no;no;no;no;yes;yes;no;no;4;3;2;1;3;5;0;no
641;MS;M;18;R;GT3;T;4;2;other;other;home;father;2;1;1;no;no;yes;no;yes;yes;no;no;5;4;3;4;3;3;0;no
642;MS;F;18;R;GT3;T;2;2;at_home;other;other;mother;2;3;0;no;no;no;no;yes;yes;no;no;5;3;3;1;3;4;0;yes
643;MS;F;17;U;GT3;T;4;3;teacher;other;other;mother;2;2;0;no;no;no;no;yes;yes;yes;no;5;5;4;1;1;1;0;no
644;MS;F;18;R;GT3;T;4;4;teacher;at_home;reputation;mother;3;1;0;no;yes;no;yes;yes;yes;yes;yes;4;4;3;2;2;5;4;no
645;MS;F;19;R;GT3;T;2;3;services;other;course;mother;1;3;1;no;no;no;yes;no;yes;yes;no;5;4;2;1;2;5;4;no
646;MS;F;18;U;LE3;T;3;1;teacher;services;course;mother;1;2;0;no;yes;no;no;yes;yes;yes;no;4;3;4;1;1;1;4;yes
647;MS;F;18;U;GT3;T;1;1;other;other;course;mother;2;2;0;no;no;no;yes;yes;yes;no;no;1;1;1;1;1;5;6;no
648;MS;M;17;U;LE3;T;3;1;services;services;course;mother;2;1;0;no;no;no;no;no;yes;yes;no;2;4;5;3;4;2;6;no
649;MS;M;18;R;LE3;T;3;2;services;other;course;mother;3;1;0;no;no;no;no;no;yes;yes;no;4;4;1;3;4;5;4;no
